X,Y,C02_001,C02_002,C02_003,C02_004,C02_005,C02_006,C02_007,C02_008,C02_009,C02_010,C02_011,C02_012,C02_013
140.95976548,42.34796276,"1","12","01205","01001",º—–,"2",º—–s,"19510119","19530415","1,2,3","9649","10841",false
140.69388889,41.79083333,"1","13","01202","01004",”ŸŠÙ,"2",”ŸŠÙs,"19510119","19530415","1,2,3,4,7,8","12887","7691",true
141.01861111,43.20027778,"1","13","01203","01005",¬’M,"2",¬’Ms,"19510119","19530415","1,3,5,6,7,8","11745","11381",true
140.59744837,42.11227036,"2","14","01345","01008",X,"2",X’¬,,"19530331",,"5718","1764",false
140.11976347,41.86802882,"2","14","01361","01009",]·,"2",]·’¬,,"19530331","1","3744","2551",true
139.83888889,42.45277778,"2","14","01371","01010",£’I,"2",‚¹‚½‚È’¬,,"19530331","1","6364","1755",true
139.52158686,42.1719738,"2","14","01367","01011",šúK,"2",‰œK’¬,,"19530331",,"4237","1933",true
140.78111111,43.21055556,"2","14","01408","01012",—]s,"2",—]s’¬,,"19530331",,"4006","1207",false
140.50956614,42.9930543,"2","14","01402","01014",Šâ“à,"2",Šâ“à’¬,,"19530331",,"6966","3698",false
140.088136,41.420914,"2","14","01331","01032",¼‘O,"2",¼‘O’¬,,"19530331",,"1851","1719",false
141.17146359,41.82346286,"2","14","01202","01036",“Ì–@‰Ø,"2",”ŸŠÙs,,"19530331",,"1757","1120",false
140.52111877,43.03049642,"0","15","01401","01039",–xŠ”,"5",,,"19570123",,"0","0",false
141.14861111,41.78277778,"0","15","01202","01040",¼ŒbR,"5",,,"19570123",,"0","0",false
130.87444066,33.9152654,"1","12","40106","40001",–k‹ãB,"2",–k‹ãBs,"19510119","19740401","1,2,3,4,6,7,8","56636","37805",true
130.36071296,33.62686124,"1","12","40132","40002",”‘½,"2",•Ÿ‰ªs,"19510119","19521015","1,2,5,6,7,8","58049","20874",true
131.0304324,33.80198573,"1","13","40621","40003",Š¡“c,"1",•Ÿ‰ªŒ§,"19510119","19520701","1,2","25977","6442",false
130.43787694,33.89066315,"2","14","40220","40004",‘å“‡,"1",•Ÿ‰ªŒ§,,"19521101",,"1468","468",true
130.35855055,33.13052784,"2","14","40212","40005",á’Ã,"1",•Ÿ‰ªŒ§,,"19521101",,"7176","847",false
131.12283517,33.6384786,"2","14","40214","40006",‰F“‡,"1",•Ÿ‰ªŒ§,,"19521101",,"7048","1372",false
130.40936196,33.03769228,"2","14","40202","40008",‘å–´“c,"1",•Ÿ‰ªŒ§,,"19521101",,"16478","1842",false
130.38737988,33.0057551,"1","13","40202","40009",O’r,"1",•Ÿ‰ªŒ§,"19510922","19710920","1,2","9793","420",false
130.65680061,33.9028581,"2","14","40381","40010",ˆ°‰®,"1",•Ÿ‰ªŒ§,,"19750320",,"3525","1067",false
131.71303229,33.27375195,"1","13","44201","44001",‘å•ª,"1",‘å•ªŒ§,"19510119","19511122","1,2,3,7","36961","12392",true
131.87234302,33.08808136,"1","13","44207","44002",’Ã‹vŒ©,"1",‘å•ªŒ§,"19510922","19511122","1,2","9317","2985",false
131.50736408,33.30770444,"1","13","44202","44003",•Ê•{,"1",‘å•ªŒ§,"19510922","19511122",,"13513","2840",true
131.81544237,33.12977636,"2","14","44206","44004",‰P‹n,"1",‘å•ªŒ§,,"19511122",,"9493","2391",true
131.41925272,33.58184972,"2","14","44209","44005",‚“c,"1",‘å•ªŒ§,,"19511122",,"14573","531",false
131.64966261,33.71973671,"2","14","44322","44006",•P“‡,"1",‘å•ªŒ§,,"19581222",,"5693","1270",true
131.73844175,33.56600318,"2","14","44214","44007",‘“Œ,"1",‘å•ªŒ§,,"19581222",,"25647","4288",true
131.53209089,33.36388521,"2","14","44341","44008",“úo,"1",‘å•ªŒ§,,"19581222",,"3971","1250",false
131.86828167,33.25243175,"1","14","44201","44009",²‰êŠÖ,"1",‘å•ªŒ§,,"19581222",,"1623","1901",true
131.9147295,32.97788459,"1","13","44205","44010",²”Œ,"1",‘å•ªŒ§,"19700501","19590622","1,2","14358","4132",true
131.23548473,33.62691605,"1","13","44203","44011",’†’Ã,"1",‘å•ªŒ§,"19990604","19590622",,"16176","2143",false
131.87659404,32.789,"2","14","44205","44016",ŠÛs”ö,"1",‘å•ªŒ§,,"19601218",,"2909","490",false
131.98279495,32.91908022,"2","14","44205","44017",‰Y‘ã,"1",‘å•ªŒ§,,"19601206",,"4490","1065",false
131.49266592,33.64682396,"2","14","44209","44019",Œ˜—ˆ,"1",‘å•ªŒ§,,"19630418",,"1560","10",false
131.82556987,33.16090517,"2","14","44206","44020",‰ºƒm],"1",‘å•ªŒ§,,"19630418",,"3356","598",false
131.64847751,33.40973458,"2","14","44210","44021",ç],"1",‘å•ªŒ§,,"19630418",,"17998","2708",false
131.48023074,33.63573655,"2","14","44209","44022",‰P–ì,"1",‘å•ªŒ§,,"19650517",,"2840","448",false
131.55593112,33.68641041,"0","15","44214","44027",¬‚“‡,"5",,,"19570111",,"0","0",false
131.49958925,33.65813234,"0","14","44209","44029",‰Hª,"1",‘å•ªŒ§,,"19881216",,"1940","265",false
131.46985452,33.61914188,"0","15","44209","44030",^‹Ê,"5",,,"19570111",,"0","0",false
129.97229777,33.47050476,"1","13","41202","41001",“‚’Ã,"1",²‰êŒ§,"19510119","19530320","1,2,3","16192","5061",true
129.82636603,33.32097119,"1","13","41205","41002",ˆÉ–œ—¢,"1",²‰êŒ§,"19510119","19530320","1,2,7","34935","4454",false
130.23322798,33.17511899,"0","14","41425","41003",Zƒm],"1",²‰êŒ§,,"19530320",,"5370","804",false
130.20905499,32.98909287,"2","14","41441","41004",‘å‰Y,"1",²‰êŒ§,,"19540203",,"4414","1121",false
130.359339,33.213305,"2","14","41201","41005",”•x,"1",²‰êŒ§,,"19530320",,"0","447",false
129.88401576,33.54301779,"2","14","41202","41006",ŒÄq,"1",²‰êŒ§,,"19530320",,"3917","1492",false
129.78771683,33.44687178,"2","14","41202","41007",¯‰ê,"1",²‰êŒ§,,"19590516",,"1152","612",false
130.14485718,33.0817549,"2","14","41207","41008",­“‡,"1",²‰êŒ§,,"19610803",,"3059","1209",false
129.83857234,33.45385157,"2","14","41202","41009",‰¼‰®,"1",²‰êŒ§,,"19631025",,"2255","317",false
130.46164978,32.60120279,"1","13","43213","43001",OŠp,"1",ŒF–{Œ§,"19510119","19530930","1,2,3","19210","3248",false
130.53725272,32.53740369,"1","13","43202","43002",”ª‘ã,"1",ŒF–{Œ§,"19590611","19530930","1,2,7","18962","5854",false
130.37126988,32.19803403,"1","14","43205","43003",…–“,"1",ŒF–{Œ§,"19600609","19530930","2","2677","1800",false
130.4775166,32.29794994,"2","14","43482","43004",²•~,"1",ŒF–{Œ§,,"19530930",,"5934","1168",false
130.21418713,32.41912701,"2","14","43215","43005",‘å–å,"1",ŒF–{Œ§,,"19530930",,"7164","670",false
130.43903896,32.92399872,"2","14","43368","43006",’·F,"1",ŒF–{Œ§,,"19530930",,"3762","1352",true
130.03830411,32.52272285,"2","14","43531","43007",•x‰ª,"1",ŒF–{Œ§,,"19530930",,"5250","1395",false
130.41494358,32.43582934,"2","14","43212","43008",•PŒË,"1",ŒF–{Œ§,,"19530930",,"3668","731",false
130.19044445,32.54836624,"2","14","43215","43009",‹S’r,"1",ŒF–{Œ§,,"19530930",,"3172","696",true
130.20618813,32.46050415,"2","14","43215","43010",–{“n,"1",ŒF–{Œ§,,"19530930",,"9149","1842",true
130.59460571,32.79950392,"2","14","43103","43011",•SŠÑ,"1",ŒF–{Œ§,,"19530930",,"9114","918",false
130.37513622,32.52475408,"2","14","43215","43012",‘å‰Y,"1",ŒF–{Œ§,,"19530930",,"5442","304",false
129.9905866,32.37922759,"2","14","43215","43013",‚•l,"1",ŒF–{Œ§,,"19530930",,"2691","340",false
130.57543455,32.83354304,"2","14","43103","43014",‰Í“à,"1",ŒF–{Œ§,,"19530930",,"5826","877",false
130.42569498,32.51995552,"2","14","43212","43015",‡’Ã,"1",ŒF–{Œ§,,"19530930",,"3341","994",false
130.07140287,32.52151769,"2","14","43531","43016",ã’Ã[],"2",—è–k’¬,,"19531001",,"1852","214",false
130.03577097,32.47119959,"0","14","43531","43017",“s˜CX,"2",—è–k’¬,,"19560925",,"518","65",false
130.32080367,32.51927481,"2","14","43215","43020",“V‘,"2",“V‘s,,"19530814",,"53037","7018",true
130.40553024,32.39473845,"2","14","43212","43035",ã“V‘,"2",ã“V‘s,,"19570704",,"35297","4024",true
130.55396577,32.4348935,"2","14","43202","43036",“ú“Ş‹v,"2",”ª‘ãs,,"19540329",,"4129","881",false
130.42158654,32.99061883,"0","14","43204","43040",r”ö,"2",r”ös,,"19560605",,"3680","1183",false
130.03468849,32.19427304,"2","14","43215","43041",‹[,"1",ŒF–{Œ§,,"19651022","1","702","735",true
130.49003148,32.35223263,"2","14","43482","43042",“c‰Y,"1",ŒF–{Œ§,,"19660301",,"2917","543",false
130.57486986,32.85711583,"0","14","43206","43043",“Ûè,"2",‹Ê–¼s,,"19780111",,"109","42",false
130.61576869,32.59077551,"2","14","43202","43052",‹¾,"2",”ª‘ãs,,"19700811",,"4354","742",false
130.57072327,32.76045731,"1","13","43103","43054",ŒF–{,"1",ŒF–{Œ§,"19740423","19731214",,"5773","1637",true
131.67167805,32.44744127,"1","13","45206","45001",×“‡,"1",‹{èŒ§,"19510119","19530225","1,2,7","9464","6458",false
131.40374093,31.56834018,"1","13","45204","45002",–û’Ã,"1",‹{èŒ§,"19520201","19530225","1,2","7885","4772",false
131.472611,31.75522727,"2","14","45201","45003",“àŠC,"1",‹{èŒ§,,"19530225",,"3563","1144",false
131.20476686,31.44124804,"2","14","45207","45004",•Ÿ“‡,"1",‹{èŒ§,,"19530225",,"8635","2451",false
131.37850827,31.51007168,"2","14","45204","45005",ŠO‰Y,"1",‹{èŒ§,,"19530225",,"5508","1883",false
131.71469608,32.58407271,"2","14","45203","45006",‰„‰ª,"1",‹{èŒ§,,"19530225",,"4540","1810",false
131.61925531,32.33156952,"2","14","45206","45007",”üX’Ã,"1",‹{èŒ§,,"19530225",,"3839","1042",false
131.82166908,32.69123962,"2","14","45203","45009",ŒÃ],"1",‹{èŒ§,,"19630422",,"6567","2216",false
131.77933825,32.66736226,"2","14","45203","45010",ŒF–ì],"1",‹{èŒ§,,"19630422",,"1645","304",false
131.40276649,31.53273148,"2","14","45204","45012",‘å“‡,"1",‹{èŒ§,,"19631120",,"1778","479",false
131.69515964,32.52828659,"1","14","45203","45015",‰„‰ªV,"1",‹{èŒ§,,"19700824",,"3937","970",false
131.63759029,32.37324027,"0","14","45206","45016",•½Šâ,"1",‹{èŒ§,,"19700824",,"613","149",false
131.4762479,31.91075758,"1","13","45201","45017",‹{è,"1",‹{èŒ§,"19730416","19530225","3","16345","5444",true
131.29275634,31.38476356,"0","14","45207","45019",•ˆä,"1",‹{èŒ§,,"19760220",,"684","95",false
131.53788097,32.126283,"0","15","45401","45020",‚“ç,"5",,,"19560622",,"0","0",false
131.34559878,31.40989657,"0","14","45207","45021",‘å”[,"1",‹{èŒ§,,"19900730",,"742","61",false
130.5539534,31.52659788,"1","13","46201","46001",­™“‡,"1",­™“‡Œ§,"19510119","19530401","1,2,3,7","42340","16276",true
130.98404079,30.73462903,"1","13","46213","46002",¼”V•\,"1",­™“‡Œ§,"19600609","19530401",,"7694","2559",true
129.50218152,28.40055564,"1","13","46222","46003",–¼£,"1",­™“‡Œ§,"19540702","19550730","1,2,7","7462","3003",true
130.68894457,31.02143791,"2","14","46491","46004",‘å”‘,"1",­™“‡Œ§,,"19530401",,"1523","397",false
130.34171061,32.13115312,"2","14","46208","46005",•Ä”V’Ã,"1",­™“‡Œ§,,"19530401",,"3582","1587",false
130.22124358,31.91106946,"0","14","46215","46006",¼•û,"1",­™“‡Œ§,,"19530401",,"2053","144",false
130.17289354,32.09288489,"2","14","46206","46007",•”V•l,"1",­™“‡Œ§,,"19530401",,"1038","582",false
130.17033047,32.10199146,"2","14","46404","46008",£ŒË,"1",­™“‡Œ§,,"19530401",,"1488","326",false
130.11192737,32.15569216,"0","14","46404","46009",w],"1",­™“‡Œ§,,"19530401",,"1194","234",false
130.57655113,30.42898059,"2","14","46505","46010",‹{”V‰Y,"1",­™“‡Œ§,,"19530401",,"760","533",true
130.18833443,31.85992033,"1","13","46215","46011",ì“à,"1",­™“‡Œ§,"19700501","19530401","2","11261","2932",false
130.28864549,31.4478073,"0","14","46220","46012",Vì,"1",­™“‡Œ§,,"19530401",,"577","0",false
130.65318873,31.23478806,"2","14","46210","46013",wh,"1",­™“‡Œ§,,"19530401",,"7872","761",false
130.62286728,31.28036889,"0","14","46210","46014",‹{ƒ–•l,"1",­™“‡Œ§,,"19530401",,"3415","150",false
130.66509582,31.72739495,"1","14","46225","46015",‰Á¡–Ø,"1",­™“‡Œ§,,"19530401",,"3159","904",false
130.72667164,31.71590572,"2","14","46218","46016",”¹l,"1",­™“‡Œ§,,"19530401",,"3220","735",false
130.81078535,31.67870567,"2","14","46218","46017",•ŸR,"1",­™“‡Œ§,,"19530401",,"2978","405",false
130.69045922,31.50011852,"2","14","46214","46018",‚…,"1",­™“‡Œ§,,"19530401",,"8624","1615",true
130.59753591,31.59414067,"2","14","46201","46019",÷“‡,"1",­™“‡Œ§,,"19530401",,"1191","655",true
130.76490486,31.40538291,"2","14","46203","46020",­‰®,"1",­™“‡Œ§,,"19530401",,"3817","1829",false
130.792848,31.35019,"0","14","46203","46021",‚{,"1",­™“‡Œ§,,"19530401",,"1830","375",false
130.78773178,31.2554765,"2","14","46490","46022",‘åªè,"1",­™“‡Œ§,,"19530401",,"6434","794",false
130.75972238,31.21821008,"2","14","46491","46023",ªè,"1",­™“‡Œ§,,"19530401",,"1788","745",true
131.04596623,31.36517826,"2","14","46492","46024",”gŒ©,"1",­™“‡Œ§,,"19530401",,"2038","1348",false
131.10209723,31.45808596,"1","13","46221","46025",u•zu,"1",­™“‡Œ§,"19690401","19530401","1,2,7","15118","4415",true
130.94642323,30.60015866,"2","14","46501","46026",•l’Ã˜e,"1",­™“‡Œ§,,"19530401",,"2370","286",false
130.86477517,30.46795118,"2","14","46502","46027",“‡ŠÔ,"1",­™“‡Œ§,,"19530401",,"3052","1104",true
131.06898548,30.68998982,"2","14","46213","46028",“c”V˜e,"1",­™“‡Œ§,,"19530401",,"2056","468",false
130.66368637,30.31478872,"2","14","46505","46029",ˆÀ–[,"1",­™“‡Œ§,,"19530401",,"3331","1091",false
130.19152531,32.20009377,"2","14","46404","46030",‹{”V‰Y,"1",­™“‡Œ§,,"19530401",,"4890","1660",false
128.88902257,27.81126208,"2","14","46531","46031",•½“y–ì,"1",­™“‡Œ§,,"19550710",,"2443","625",true
129.93482899,28.32869403,"2","14","46529","46032",˜p,"1",­™“‡Œ§,,"19550710",,"2167","845",true
129.02376902,27.74068646,"2","14","46530","46033",‹T“¿,"1",­™“‡Œ§,,"19550710",,"3741","959",true
128.66304782,27.3977289,"2","14","46533","46034",˜a”‘,"1",­™“‡Œ§,,"19550710",,"5661","1244",true
128.39446784,27.04837319,"2","14","46535","46035",—^˜_,"1",­™“‡Œ§,,"19550710",,"4470","1142",true
129.84858222,29.8395691,"2","14","46304","46036",’†”V“‡,"1",­™“‡Œ§,,"19550710",,"2822","369",true
129.31320011,28.12704137,"2","14","46525","46037",ŒÃm‰®,"1",­™“‡Œ§,,"19580501","1","8772","956",true
130.27890575,30.77775902,"2","14","46303","46038",—°‰©“‡,"1",­™“‡Œ§,,"19560929",,"1662","459",true
130.42019346,30.26598775,"2","14","46505","46039",ŒI¶,"1",­™“‡Œ§,,"19640506",,"909","95",false
130.19607445,31.98675084,"0","14","46206","46040",‚”VŒû,"2",ˆ¢‹vªs,,"19560929",,"1469","504",false
130.18940814,32.11315073,"0","14","46206","46042",‘å—,"2",ˆ¢‹vªs,,"19560929",,"546","124",false
130.20192268,32.12042242,"2","14","46206","46043",¬—,"2",ˆ¢‹vªs,,"19560929",,"295","81",false
130.2151483,32.12507495,"2","14","46206","46044",”ª‹½,"2",ˆ¢‹vªs,,"19560929",,"437","90",false
130.23182912,32.29400985,"2","14","46404","46047",‚q“‡,"2",’·“‡’¬,,"19570603",,"3293","1156",false
130.15463656,32.20132371,"2","14","46404","46049",’·“‡,"2",’·“‡’¬,,"19570603",,"13829","3875",false
129.8411549,31.86235499,"2","14","46215","46060",ŒK”V‰Y,"2",F–€ì“às,,"19560929",,"1599","225",false
129.8699498,31.81902682,"2","14","46215","46061",]Î,"2",F–€ì“às,,"19560929",,"1875","337",false
130.19593929,31.41024974,"0","14","46220","46062",¬‰Y,"2",“ì‚³‚Â‚Üs,,"19560929",,"642","186",false
130.39175057,31.25280658,"0","14","46223","46063",¼ƒ–‰Y,"2",“ì‹ãBs,,"19560929",,"1123","227",false
130.3686687,31.25245804,"0","14","46223","46064",¼‰–‰®,"2",“ì‹ãBs,,"19560929",,"386","0",false
130.40316327,31.25284551,"0","14","46223","46065",¹ƒ–‰Y,"2",“ì‹ãBs,,"19560929",,"262","0",false
130.38379187,31.25163795,"0","14","46223","46066",“Œ‰–‰®,"2",“ì‹ãBs,,"19560929",,"466","103",false
130.20652017,31.34624699,"0","14","46220","46067",•½è,"2",“ì‚³‚Â‚Üs,,"19570603",,"107","15",false
130.58600001,31.30419875,"2","14","46210","46068",£è,"2",whs,,"19560929",,"393","7",false
130.6679212,31.26836695,"0","14","46210","46069",‹›Œ©,"1",­™“‡Œ§,,"19570226",,"2364","176",false
130.41936468,30.81759577,"2","14","46303","46071",’|“‡,"2",O“‡‘º,,"19560929",,"754","357",true
129.90705905,30.82829551,"2","14","46303","46072",•Ğ”‘,"2",O“‡‘º,,"19560929",,"339","238",true
129.95018694,30.84353282,"2","14","46303","46073",‘å—¢,"2",O“‡‘º,,"19560929",,"844","258",true
129.52529431,29.68863054,"0","14","46304","46074",‘O”V•l,"2",\“‡‘º,,"19560929",,"147","0",false
129.6965425,29.61040872,"2","14","46304","46075",Œ³‰Y,"2",\“‡‘º,,"19560929",,"428","63",false
129.59396944,29.45584968,"2","14","46304","46076",‚â‚·‚ç•l,"2",\“‡‘º,,"19560929",,"858","83",true
129.53267383,29.67931358,"2","14","46304","46077",“ì”V•l,"2",\“‡‘º,,"19680229",,"846","179",true
130.78589819,31.59882644,"2","14","46214","46079",•‚’Ã,"2",‚…s,,"19560929",,"872","326",false
130.78616312,31.58688168,"0","14","46214","46080",“ñì,"2",‚…s,,"19560929",,"87","0",false
130.61790038,31.55739784,"2","14","46201","46081",÷“‡,"2",­™“‡s,,"19570802",,"4729","2870",false
130.7509946,31.05983492,"0","14","46491","46085",•lK,"2",“ì‘å‹÷’¬,,"19560929",,"861","180",false
130.98028754,31.16359027,"0","14","46492","46087",“à”V‰Y•Ó’Ë,"2",ŠÌ•t’¬,,"19560929",,"0","0",false
130.92239115,31.12177273,"0","14","46492","46088",‘å‰Y,"2",ŠÌ•t’¬,,"19560929",,"0","0",false
131.01778209,31.22598148,"0","14","46492","46089",Šİ—Ç,"2",ŠÌ•t’¬,,"19560929",,"0","0",false
131.03121889,30.82039853,"2","14","46213","46091",‘å‹v•Û,"2",¼”V•\s,,"19570603",,"774","104",false
131.00765316,30.77344981,"2","14","46213","46092",‘åè,"2",¼”V•\s,,"19570603",,"237","97",false
131.05449424,30.61100179,"2","14","46213","46093",—§R,"2",¼”V•\s,,"19631122",,"315","113",false
131.07420784,30.77026784,"2","14","46213","46094",ˆÉŠÖ,"2",¼”V•\s,,"19570603",,"447","190",false
131.0631377,30.68300936,"2","14","46213","46096",óì,"2",¼”V•\s,,"19570603",,"969","149",false
130.84958087,30.75845078,"0","14","46213","46097",‰¤âÄ,"2",¼”V•\s,,"19570603",,"43","0",false
131.01951103,30.8010407,"0","14","46213","46098",ãƒmŒÃ“c,"2",¼”V•\s,,"19631122",,"418","118",false
130.85452246,30.76497993,"0","14","46213","46099",”n–Ñ“‡–¦,"2",¼”V•\s,,"19570603",,"77","0",false
130.83808544,30.72606445,"0","14","46213","46100",’Åƒm–Ø,"2",¼”V•\s,,"19570603",,"0","28",false
130.88971084,30.49191857,"2","14","46501","46101",‰®‹v’Ã,"2",’†íq’¬,,"19570603",,"759","238",false
131.00382284,30.54750684,"2","14","46501","46102",‘“c,"2",’†íq’¬,,"19570603",,"1589","115",false
130.949852,30.628772,"0","14","46501","46103",–qì,"2",’†íq’¬,,"19570603",,"1215","224",false
131.02979823,30.56225032,"2","14","46501","46104",‘å‰–‰®,"2",’†íq’¬,,"19611115",,"224","105",false
130.97040291,30.42117581,"2","14","46502","46105",L“c,"2",“ìíq’¬,,"19570226",,"950","185",false
130.85837479,30.36268535,"0","14","46502","46106",“cK,"2",“ìíq’¬,,"19570226",,"633","123",false
130.87662986,30.34342252,"2","14","46502","46107",–å‘q,"2",“ìíq’¬,,"19570226",,"388","97",false
130.59860361,30.41443549,"0","14","46505","46108",“íì,"2",‰®‹v“‡’¬,,"19560929",,"601","156",false
130.62119625,30.40632617,"0","14","46505","46109",«ì,"2",‰®‹v“‡’¬,,"19560929",,"143","60",false
130.25172765,30.45502896,"0","14","46505","46110",“’Œü,"2",‰®‹v“‡’¬,,"19560929",,"225","0",false
130.17004342,30.48540588,"0","14","46505","46112",Šâ‰®”‘,"2",‰®‹v“‡’¬,,"19570603",,"0","0",false
130.42061237,30.39986115,"2","14","46505","46113",ã‰®‹v‰i“c,"2",‰®‹v“‡’¬,,"19571011",,"511","193",false
130.55280829,30.2329785,"0","14","46505","46114",‰®”VŠÔ,"2",‰®‹v“‡’¬,,"19570226",,"168","90",false
130.53258496,30.23168569,"0","14","46505","46115",¬“‡,"2",‰®‹v“‡’¬,,"19570226",,"0","0",false
130.47457094,30.23258623,"0","14","46505","46116",“’”‘,"2",‰®‹v“‡’¬,,"19570226",,"687","208",false
130.42968954,30.25406265,"0","14","46505","46117",’†ŠÔ,"2",‰®‹v“‡’¬,,"19570226",,"934","131",false
130.59156314,30.24763736,"0","14","46505","46118",‘âƒmì,"2",‰®‹v“‡’¬,,"19570226",,"0","0",false
129.66402548,28.46124873,"2","14","46222","46119",Ô–Ø–¼,"2",‰‚”üs,,"19560929",,"4580","633",false
129.69720305,28.48871467,"0","14","46222","46120",‘åŠ}—˜,"2",‰‚”üs,,"19560929",,"1525","286",false
129.65533599,28.50240044,"0","14","46222","46121",‰®m,"2",‰‚”üs,,"19560929",,"1522","229",false
129.39976124,28.37096411,"0","14","46523","46122",‘å˜a,"2",‘å˜a‘º,,"19560929",,"5127","815",false
129.29174351,28.2795028,"2","14","46524","46124",“’˜p,"2",‰FŒŸ‘º,,"19560929",,"1492","988",false
129.247384,28.256001,"0","14","46524","46125",–¼•¿,"2",‰FŒŸ‘º,,"19560929",,"3617","126",false
129.17095031,28.04482071,"2","14","46525","46127",—^˜H,"2",£ŒË“à’¬,,"19560929",,"1494","285",false
129.25186906,28.13263596,"2","14","46525","46130",‰ÁŒv˜C–ƒ,"2",£ŒË“à’¬,,"19560929",,"4452","751",true
129.2885825,28.21937092,"2","14","46525","46132",Âì,"2",£ŒË“à’¬,,"19560929",,"1185","363",false
129.25676454,28.03589756,"2","14","46525","46133",¿“‡,"2",£ŒË“à’¬,,"19560929",,"3547","406",false
129.58521014,28.36269503,"0","14","46527","46135",ŒËŒû,"2",—´‹½’¬,,"19560929",,"913","130",false
129.43120335,28.24308425,"2","14","46222","46136",RŠÔ,"2",‰‚”üs,,"19560929",,"4632","673",false
128.98767832,27.80595239,"0","14","46530","46137",•êŠÔ,"2",“¿”V“‡’¬,,"19560929",,"2470","484",false
128.91735332,27.69231907,"0","14","46532","46138",­‰Y,"2",ˆÉå’¬,,"19560929",,"900","221",false
128.96663922,27.67001429,"0","14","46532","46139",–Ê“ê,"2",ˆÉå’¬,,"19560929",,"2114","188",false
129.93476533,28.28321365,"0","14","46529","46144",ŠìŠE“‡,"2",ŠìŠE’¬,,"19560929",,"4291","527",true
128.64026485,27.41812195,"2","14","46533","46145",ˆÉ‰„,"2",˜a”‘’¬,,"19560929",,"2665","610",false
129.74049026,31.70149773,"2","14","46215","46146",’·•l,"1",­™“‡Œ§,,"19571105",,"4030","1178",true
130.21492728,32.277486,"2","14","46404","46147",•Ğ‘¤,"1",­™“‡Œ§,,"19570603",,"1624","569",true
128.52657959,27.3583563,"2","14","46534","46148",Z‹g,"2",’m–¼’¬,,"19650607",,"1240","261",false
129.90760091,31.85006138,"2","14","46215","46150",—¢,"1",­™“‡Œ§,,"19530401",,"7304","1500",true
130.54163762,31.39491507,"1","14","46201","46151",Šì“ü,"1",­™“‡Œ§,,"19700401","1","4720","494",false
129.61850137,28.46000387,"2","14","46527","46153",—³‹½,"2",—´‹½’¬,,"19761102",,"1033","330",false
129.71255193,29.61116452,"2","14","46304","46160",ØÎ,"2",\“‡‘º,,"19750812",,"874","90",true
129.20635606,29.15784224,"2","14","46304","46161",•ó“‡,"2",\“‡‘º,,"19790123",,"259","0",true
129.32214496,29.21937004,"2","14","46304","46162",¬•ó“‡,"2",\“‡‘º,,"19810624",,"407","0",true
130.50158627,30.45490747,"0","14","46505","46163",ã‰®‹vŒ³‰Y,"1",­™“‡Œ§,,"19720310",,"0","0",false
130.23724553,31.72474576,"2","14","46219","46164",‹ø–Ø–ìV,"1",­™“‡Œ§,,"19750304","1","4215","1331",true
129.70553714,28.42130935,"0","14","46222","46175",˜a–ì,"2",‰‚”üs,,"19830326",,"726","153",false
129.19647533,28.22658052,"0","14","46525","46178",ŠÇ“İ,"2",£ŒË“à’¬,,"19840308",,"928","75",false
129.58330234,28.46862157,"0","14","46527","46179",‰~,"2",—´‹½’¬,,"19840627",,"473","148",false
129.62154505,28.42121386,"0","14","46527","46180",ˆ°“¿,"2",—´‹½’¬,,"19870121",,"566","292",false
128.45541084,27.04501,"0","14","46535","46181",•S‡ƒ–•l,"2",—^˜_’¬,,"19870124",,"0","9",false
129.44646169,28.38301062,"0","14","46534","46183",’m–¼£,"2",‰‚”üs,,"19900317",,"1031","775",false
129.89833333,29.8416666,"0","14","46304","46184",µƒcR,"2",\“‡‘º,,"19920928",,"160","0",false
129.53904634,29.68945738,"0","14","46304","46182",“Œ”V•l,"2",\“‡‘º,,"19891005",,"290","0",false
133.42069282,34.39642298,"1","13","34207","34001",•ŸR,"1",L“‡Œ§,"19630401","19520901","1,2","19488","4049",false
133.18607315,34.39849009,"1","13","34204","34002",”ö“¹…è,"1",L“‡Œ§,"19510119","19530331","1,2,3,7","59781","8193",true
132.41827903,34.33642353,"1","12","34103","34003",L“‡,"1",L“‡Œ§,"19510119","19530428","1,2,4,5,7","69954","20278",true
132.53787932,34.2360258,"1","13","34202","34004",Œà,"2",Œàs,"19510119","19520710","1,2,3","20477","6687",true
133.29078679,34.3620759,"2","14","34207","34005",‰¡“c,"1",L“‡Œ§,,"19520901",,"5759","661",false
133.1829486,34.34406325,"0","14","34205","34006",’†•l,"1",L“‡Œ§,,"19520901",,"6712","918",false
133.0936889,34.31887754,"2","14","34204","34007",£ŒË“c,"1",L“‡Œ§,,"19520901",,"23619","2471",true
133.1430049,34.35374509,"2","14","34205","34008",dˆä,"1",L“‡Œ§,,"19520901",,"5507","877",true
133.19117618,34.27414713,"2","14","34205","34009",“y¶,"1",L“‡Œ§,,"19520901","2,3","5727","2082",false
132.87949262,34.25981139,"2","14","34431","34010",‘å¼,"1",L“‡Œ§,,"19520901",,"11287","1374",true
132.99498211,34.33424868,"2","14","34203","34011",’‰ŠC,"1",L“‡Œ§,,"19520901",,"3216","291",true
132.91189973,34.32374963,"1","14","34203","34012",’|Œ´,"1",L“‡Œ§,,"19520901","2","13324","1373",true
132.91959078,34.23225688,"2","14","34431","34013",–Ø],"1",L“‡Œ§,,"19520901","1","4691","466",true
132.91124093,34.28015019,"2","14","34431","34014",é¾è,"1",L“‡Œ§,,"19520901",,"8748","2839",true
132.841255,34.19443009,"2","14","34202","34015",Œäèô,"1",L“‡Œ§,,"19520901",,"15842","1735",false
132.81684263,34.31047077,"2","14","34212","34016",ˆÀŒ|’Ã,"2",“ŒL“‡s,,"19520901",,"8074","1185",true
132.71771592,34.20559694,"2","14","34202","34017",Š—Š ,"1",L“‡Œ§,,"19520901",,"25265","2123",false
132.69358773,34.22747562,"2","14","34202","34018",ìK,"1",L“‡Œ§,,"19520901",,"3846","688",false
132.49540143,34.13647175,"2","14","34202","34019",’Şm“c,"1",L“‡Œ§,,"19520901",,"8818","1014",false
132.48129059,34.17314992,"2","14","34215","34020",‘åŠ`,"2",]“c“‡s,,"19520901",,"2035","386",false
132.44120942,34.1824745,"1","14","34215","34021",­ì,"1",L“‡Œ§,,"19520901",,"8458","2314",false
132.32349415,34.30679899,"2","14","34213","34023",Œµ“‡,"1",L“‡Œ§,,"19520901",,"5355","932",true
132.23873393,34.23437496,"1","14","34211","34024",‘å’|,"1",L“‡Œ§,,"19520901",,"8514","2047",true
133.30932642,34.38010376,"2","14","34207","34025",ç”N,"1",L“‡Œ§,,"19540101",,"5431","378",true
133.12487595,34.35086799,"2","14","34204","34026",²–Ø,"1",L“‡Œ§,,"19540101",,"6546","349",true
132.44233758,34.22906502,"2","14","34215","34027",’†“c,"1",L“‡Œ§,,"19540101",,"5684","1013",false
132.50268912,34.26652193,"2","14","34215","34028",¬—p,"1",L“‡Œ§,,"19540101",,"7062","1228",true
133.12470321,34.27525683,"2","14","34205","34029",¶Œû,"1",L“‡Œ§,,"19590814",,"9073","1183",true
132.40587812,34.26067061,"2","14","34215","34030",O‚,"1",L“‡Œ§,,"19590814",,"4305","1401",true
133.08542893,34.36137487,"2","14","34204","34047",{”g,"1",L“‡Œ§,,"19840208",,"1004","330",true
132.47621946,34.23416469,"2","14","34215","34031",˜h•”–î‚Ì‰Y,"2",]“c“‡s,,"19570731",,"782","31",false
132.43447076,34.28664911,"2","14","34215","34032",‘å{,"2",]“c“‡s,,"19570731",,"1280","150",false
132.44844899,34.24630211,"2","14","34215","34033",’Ã‹v–Î,"2",]“c“‡s,,"19570820",,"1226","183",false
133.34619874,34.3740106,"0","14","34207","34034",ˆ¢•š“e,"2",•ŸRs,,"19570731",,"2326","243",false
132.57330829,34.11231184,"2","14","34202","34036",‘å”—,"2",Œàs,,"19570731",,"1782","35",false
132.54329691,34.11316459,"2","14","34202","34037",‘Ü‚Ì“à,"2",Œàs,,"19570731",,"2728","273",false
132.52774496,34.16096373,"2","14","34202","34038",‰œ‚Ì“à,"2",Œàs,,"19570816",,"270","100",false
132.5554523,34.18258978,"0","14","34202","34039",”g‘½Œ©,"2",Œàs,,"19570816",,"998","26",false
132.68234799,34.20976519,"2","14","34202","34040",‹gˆ«,"2",Œàs,,"19570816",,"131","0",false
132.7145766,34.23894069,"0","14","34202","34041",¬—p,"2",Œàs,,"19610612",,"1622","0",false
133.26921161,34.38680097,"2","14","34205","34042",•Ÿ“c,"2",”ö“¹s,,"19571018",,"3362","94",true
133.20541246,34.32150617,"0","14","34205","34044",–¸‰Y,"2",”ö“¹s,,"19580108",,"398","35",false
132.38624289,34.23055583,"2","14","34215","34045",­“c,"2",]“c“‡s,,"19601105",,"323","50",false
132.47096119,34.20942096,"2","14","34215","34046",“àŠC,"2",]“c“‡s,,"19610926",,"1149","147",false
131.77998593,34.00394962,"1","12","35215","35002",“¿R‰º¼,"1",RŒûŒ§,"19510922","19530320","1,2,3,8","68516","11554",true
132.26321536,34.12483458,"1","13","35208","35003",Šâ‘,"1",RŒûŒ§,"19520201","19530320","1,2,7","26781","6445",false
131.54678605,33.98652605,"1","13","35206","35004",O“cK’†ŠÖ,"1",RŒûŒ§,"19590611","19530320",,"31189","4934",false
132.13265479,33.94820165,"1","14","35212","35007",–öˆä,"1",RŒûŒ§,,"19530320","1","9567","1363",true
132.2622553,33.95406212,"2","14","35305","35008",‹v‰ê,"1",RŒûŒ§,,"19530320",,"8473","1055",false
132.18438803,33.93699233,"2","14","35305","35009",¬¼,"1",RŒûŒ§,,"19530320",,"7247","503",false
132.1169064,33.83857718,"2","14","35341","35010",º’Ã,"1",RŒûŒ§,,"19530320",,"1908","738",false
132.22349903,34.04609141,"2","14","35208","35016",—R‰F,"1",RŒûŒ§,,"19620829",,"7316","1026",false
132.1768548,33.95996107,"0","14","35212","35017",‘å”©,"1",RŒûŒ§,,"19620829",,"357","32",false
132.44701019,33.94646289,"2","14","35305","35018",ˆÉ•Û“c,"1",RŒûŒ§,,"19620829",,"2801","752",true
131.3908527,34.01100275,"1","14","35203","35019",RŒû,"1",RŒûŒ§,,"19620829",,"26494","73",false
132.04807312,33.90582776,"1","14","35344","35020",•½¶,"1",RŒûŒ§,,"19651021","2","16167","1237",false
131.42129545,34.00131917,"2","14","35203","35022",H•ä,"2",RŒûs,,"19620629",,"2897","40",false
131.46501329,34.00293276,"2","14","35203","35023",Â],"2",RŒûs,,"19650323",,"3281","122",false
132.42268705,34.02620781,"2","14","35208","35024",’Œ“‡,"2",Šâ‘s,,"19620207",,"2718","600",false
132.3392362,33.90728547,"2","14","35305","35025",”’–Ø,"1",RŒûŒ§,,"19700504",,"4061","397",false
132.30753994,33.92258465,"0","15","35305","35026",“ú—Ç‹,"5",,,"19560504",,"0","0",false
132.32014188,33.90560093,"0","15","35305","35027",–û—Ç,"5",,,"19560504",,"0","0",false
132.16975155,33.94556563,"0","15","35305","35028",Š}²,"5",,,"19560504",,"0","0",false
132.24681716,33.87257262,"0","14","35305","35029",‰«‰Y,"1",RŒûŒ§,,"19750301",,"6394","133",false
132.27806289,33.88786004,"2","14","35305","35041",ˆÀ‰º¯,"1",RŒûŒ§,,"19530320",,"7252","843",false
132.19395943,33.87939859,"0","15","35305","35043",‰«‰Y¼,"5",,,"19560504",,"0","0",false
131.40608304,33.99269408,"0","14","35203","35044",RŒû“Œ,"2",RŒûs,,"19830924",,"1895","0",false
130.97514254,33.97474154,"1","12","35201","35001",‰ºŠÖ,"2",‰ºŠÖs,"19510119","19620101","1,2,3,7,8","20406","9125",false
131.22711062,33.91412052,"1","13","35202","35005",‰F•”,"1",RŒûŒ§,"19510119","19530320","1,2","32201","5884",false
131.1452404,33.949864,"1","13","35216","35006",¬–ì“c,"1",RŒûŒ§,"19600609","19530320",,"13424","1062",false
131.14555548,34.00198128,"2","14","35216","35011",Œú‹·,"1",RŒûŒ§,,"19530320",,"3900","0",false
130.89402621,34.31744147,"2","14","35201","35012",“Á‹,"1",RŒûŒ§,,"19530320",,"575","913",false
131.40148895,34.43587758,"2","14","35204","35013",”‹,"1",RŒûŒ§,,"19530320","1,2","4228","1407",false
130.86229581,34.35107103,"2","14","35201","35014",Šp“‡,"1",RŒûŒ§,,"19620829",,"4572","2298",false
130.97259171,34.38041003,"2","14","35211","35015",–û’J,"1",RŒûŒ§,,"19620829",,"14374","960",false
131.35434459,33.98005911,"0","14","35202","35021",ŠÛ”ö,"1",RŒûŒ§,,"19680801",,"2942","0",false
131.08963497,34.01020777,"0","15","35216","35030",û¶,"5",,,"19560504",,"0","0",false
130.91350306,34.17595172,"0","15","35201","35031",¬‹ø,"5",,,"19560504",,"0","0",false
131.22372743,34.40249733,"0","15","35211","35032",åè,"5",,,"19560504","1","0","0",false
131.17106777,34.3878303,"0","15","35211","35033",[ì,"5",,,"19560504",,"0","0",false
131.30215375,34.38569739,"0","15","35204","35034",”Ñˆä,"5",,,"19560504",,"0","0",false
131.34197579,34.49748166,"0","15","35204","35035",”ö“‡,"5",,,"19560504",,"0","0",false
131.38720458,34.51170714,"0","14","35204","35036",ŸC“‡,"2",”‹s,,"19790403",,"198","66",false
131.3797891,34.46162423,"0","15","35204","35037",‰H“‡,"5",,,"19560504",,"0","0",false
131.28250785,34.50020967,"0","15","35204","35038",‘Š“‡,"5",,,"19560504",,"0","0",false
131.51927352,34.55492564,"0","15","35502","35039",“c•”,"5",,,"19560504",,"0","0",false
131.5952598,34.63012636,"0","15","35204","35040",{²,"5",,,"19560504",,"0","0",false
131.37861215,34.48068226,"0","15","35204","35042",”ì“‡,"5",,,"19711210",,"0","0",false
132.04187187,34.88732905,"1","13","32202","32001",•l“c,"1",“‡ªŒ§,"19570520","19530710","1,2,7","9498","2985",false
133.34259812,36.21002104,"1","13","32528","32002",¼‹½,"1",“‡ªŒ§,"19590611","19530710","1","5920","1728",true
131.81646212,34.69846769,"2","14","32204","32004",‰v“c,"1",“‡ªŒ§,,"19530710",,"6019","915",false
132.49776823,35.23308243,"2","14","32205","32005",‹vè,"1",“‡ªŒ§,,"19530710",,"2404","786",false
132.74204646,35.4520854,"2","14","32203","32006",‰Í‰º,"1",“‡ªŒ§,,"19530710",,"3976","880",false
132.21675319,35.02302414,"2","14","32207","32008",]’Ã,"1",“‡ªŒ§,,"19530710",,"8124","1615",false
133.23975883,35.5747797,"2","14","32201","32007",µ—Ş,"1",“‡ªŒ§,,"19530710",,"1716","2090",true
132.58478555,35.27770279,"2","14","32203","32010",“c‹V,"1",“‡ªŒ§,,"19620606",,"2530","472",false
133.12095612,36.0727952,"2","14","32525","32011",’mXˆä,"1",“‡ªŒ§,,"19551001",,"611","526",false
133.0450521,36.10277754,"2","14","32526","32012",•Ê•{,"1",“‡ªŒ§,,"19660125",,"1995","1621",true
133.04089958,36.02805388,"2","14","32527","32013",—ˆ‹,"1",“‡ªŒ§,,"19680801",,"693","721",true
132.61434463,35.2823862,"0","14","32203","32014",¬“c“Œ,"2",o‰_s,,"19580723",,"839","316",false
133.20733885,36.20768233,"0","14","32528","32015",‘å’Ã‹v,"2",‰BŠò‚Ì“‡’¬,,"19580723",,"302","83",false
133.34047635,36.30814861,"2","14","32528","32016",”Ñ”ü,"2",‰BŠò‚Ì“‡’¬,,"19580723",,"367","381",false
133.3647316,36.28048133,"2","14","32528","32017",‰K•~,"2",‰BŠò‚Ì“‡’¬,,"19580723",,"613","340",false
132.53534049,35.25484672,"0","14","32205","32018",“åR,"2",‘å“cs,,"19580630",,"160","33",false
132.55077771,35.26082315,"0","14","32205","32019",R’J,"2",‘å“cs,,"19580630",,"132","22",false
132.56996193,35.26987603,"0","14","32205","32020",“‡’Ã‰®,"2",‘å“cs,,"19580630",,"166","65",false
132.45390113,35.20576308,"0","14","32205","32021",‹›’Ã,"2",‘å“cs,,"19580630",,"375","4",false
132.96601854,36.09370771,"2","14","32526","32022",‘‰ê,"2",¼ƒm“‡’¬,,"19730829",,"0","106",false
132.08456804,34.92658461,"0","14","32202","32023",¶“’,"2",•l“cs,,"19660216",,"78","0",false
133.37831814,36.2319276,"0","14","32528","32025",Š˜,"2",‰BŠò‚Ì“‡’¬,,"19580630",,"160","85",false
133.27249675,36.33801129,"0","14","32528","32026",ˆÉŒã,"2",‰BŠò‚Ì“‡’¬,,"19580830",,"323","84",false
133.30108516,36.32943265,"0","14","32528","32027",¼‘º,"2",‰BŠò‚Ì“‡’¬,,"19580830",,"445","192",false
132.65656588,35.40920807,"0","14","32203","32028",“ñ–“,"2",o‰_s,,"19580630",,"48","0",false
132.63481399,35.41780646,"0","14","32203","32029",•“c,"2",o‰_s,,"19580630",,"16","27",false
132.64597168,35.4136502,"0","14","32203","32030",’†R,"2",o‰_s,,"19580630",,"266","87",false
131.97545748,34.82199719,"0","14","32202","32034",‹g‰Y,"2",•l“cs,,"19580630",,"94","0",false
132.40182979,35.16718019,"2","14","32205","32037",‘î–ì,"1",“‡ªŒ§,,"19740724",,"496","355",false
132.38276081,35.12701688,"0","14","32205","32038",M’Ã,"2",‘å“cs,,"19571030",,"181","19",false
132.38838372,35.13930871,"2","14","32205","32039",–Ô‰®,"2",‘å“cs,,"19571030",,"407","150",false
133.01532024,36.07053055,"2","14","32526","32040",”g~,"2",¼ƒm“‡’¬,,"19580311",,"688","216",false
133.07830904,36.11891422,"2","14","32526","32041",‰F‰ê,"2",¼ƒm“‡’¬,,"19580311",,"628","221",false
133.00284951,36.08659162,"2","14","32526","32042",”ü“c,"2",¼ƒm“‡’¬,,"19611122",,"3472","1408",false
133.05522611,36.11048082,"2","14","32526","32044",•¨ˆä,"2",¼ƒm“‡’¬,,"19620501",,"1013","234",false
133.066605,36.11217087,"2","14","32526","32045",‘q‚Ì’J,"2",¼ƒm“‡’¬,,"19620501",,"902","117",false
133.02533834,36.03016952,"2","14","32527","32048",ŒÃŠC,"2",’m•v‘º,,"19570904",,"304","235",false
133.04512837,36.01959796,"2","14","32527","32049",’|–¼,"2",’m•v‘º,,"19570904",,"82","70",false
133.06680598,36.00504813,"2","14","32527","32050",–Ø²ª,"2",’m•v‘º,,"19650702",,"92","67",false
133.05681438,36.00459654,"2","14","32527","32051",•P‚Ì‰Y,"2",’m•v‘º,,"19670320",,"874","574",false
133.07311223,36.05913721,"2","14","32525","32052",’ç,"2",ŠCm’¬,,"19570919",,"90","90",false
133.10666791,36.06708939,"2","14","32525","32053",Œä”g,"1",“‡ªŒ§,,"19740801",,"798","600",false
133.12410986,36.08440788,"2","14","32525","32054",•ÛXŒ©,"2",ŠCm’¬,,"19570919",,"833","402",false
133.07823679,36.06927977,"2","14","32525","32055",{‰ê,"2",ŠCm’¬,,"19570919",,"379","90",false
133.07393981,36.08043928,"2","14","32525","32056",“ú”V’Ã,"2",ŠCm’¬,,"19570919",,"372","235",false
133.08918875,36.10377113,"2","14","32525","32057",z–K,"2",ŠCm’¬,,"19570919",,"2806","630",false
133.18472438,36.26960192,"2","14","32528","32058",’·”ö“c,"2",‰BŠò‚Ì“‡’¬,,"19571102",,"636","94",false
133.2052468,36.3028384,"2","14","32528","32059",‘ã,"2",‰BŠò‚Ì“‡’¬,,"19571102",,"676","165",false
133.19518613,36.28674812,"2","14","32528","32060",d²,"1",“‡ªŒ§,,"19730221",,"3629","1306",false
133.12599083,35.57764197,"2","14","32201","32061",Š}‰Y,"2",¼]s,,"19620130",,"359","121",false
133.14280701,35.56273896,"2","14","32201","32062",çŞ,"2",¼]s,,"19620130",,"1105","186",false
133.1715562,35.56596638,"2","14","32201","32063",›‰Y,"2",¼]s,,"19620130",,"537","220",false
133.20308326,35.57065215,"2","14","32201","32064",ùq,"2",¼]s,,"19620130",,"367","199",false
133.21460744,35.57323599,"2","14","32201","32065",‘y’Ã,"2",¼]s,,"19620130",,"200","235",false
133.29730829,35.55724905,"2","14","32201","32070",ŠCè,"2",¼]s,,"19620130",,"581","148",false
132.31525644,35.06676157,"0","14","32205","32073",‹g‰Y,"2",‘å“cs,,"19620403",,"184","40",false
131.837493,34.833148,"0","14","32204","32074",‚“‡,"2",‰v“cs,,"19620615",,"0","29",false
131.85357392,34.72029744,"0","14","32204","32075",‰““c,"2",‰v“cs,,"19620615",,"400","138",false
131.772503,34.683164,"0","14","32204","32076",Î,"2",‰v“cs,,"19620615",,"86","0",false
131.75652133,34.67901912,"0","14","32204","32077",Šìˆ¢–í,"2",‰v“cs,,"19620615",,"85","0",false
132.33767143,35.09659288,"2","14","32205","32092",‰·ò’Ã,"1",“‡ªŒ§,,"19690906",,"529","431",false
133.06873961,36.10117032,"2","14","32525","32093",ŠCm,"2",ŠCm’¬,,"19740215",,"70","243",false
132.93984117,35.51698379,"2","14","32201","32095",H­–k,"2",¼]s,,"19620730",,"1217","147",false
131.93591588,34.80072976,"1","13","32202","32096",O‹÷,"1",“‡ªŒ§,"19821109","19821013",,"3854","666",false
133.35617878,36.20067153,"2","14","32528","32097",¬•l,"2",‰BŠò‚Ì“‡’¬,,"19750414",,"669","265",false
133.21640624,36.19227571,"0","14","32528","32098",¬’Ã‹v,"2",‰BŠò‚Ì“‡’¬,,"19881201",,"100","40",false
134.6069068,34.0281863,"1","13","36201","36001",“¿“‡¬¼“‡,"1",“¿“‡Œ§,"19510119","19530930","1,2,3,6,7,8","60685","11672",true
134.66892602,33.86250646,"1","13","36204","36002",‹k,"1",“¿“‡Œ§,"19650401","19530930",,"15973","2771",false
134.47300326,34.2185734,"2","14","36202","36003",Ü–ì,"1",“¿“‡Œ§,,"19530930",,"5355","705",false
134.64484677,34.17974706,"1","14","36202","36004",•—{,"1",“¿“‡Œ§,,"19530930",,"24643","1176",false
134.60976543,34.10172383,"1","14","36201","36005",¡Ø,"1",“¿“‡Œ§,,"19530930",,"21566","1187",false
134.71134056,33.9220753,"2","14","36204","36006",•x‰ª,"1",“¿“‡Œ§,,"19530930",,"8406","2191",false
134.55115927,33.7301906,"2","14","36387","36007",“ú˜a²,"1",“¿“‡Œ§,,"19530930","1","4155","1431",false
134.37976121,33.63132957,"2","14","36388","36008",óì,"1",“¿“‡Œ§,,"19530930",,"5556","1688",false
134.36115979,33.58399514,"2","14","36388","36009",“ß²,"1",“¿“‡Œ§,,"19530930",,"1444","143",false
134.70071259,33.94902799,"2","14","36204","36010",’†“‡,"1",“¿“‡Œ§,,"19580228",,"6784","705",false
134.62600282,34.23407235,"2","14","36202","36011",‹T‰Y,"1",“¿“‡Œ§,,"19600727",,"1635","505",false
134.62538729,34.14382472,"2","14","36202","36012",ˆ¾’Ã,"1",“¿“‡Œ§,,"19651222",,"8030","500",false
133.56060957,33.51338994,"1","13","39201","39001",‚’m,"1",‚’mŒ§,"19510119","19540101","1,2,3,7","44986","11631",false
133.28575173,33.38318194,"1","13","39206","39002",{è,"1",‚’mŒ§,"19650401","19540101","2","13470","3588",false
134.30475454,33.53893201,"2","14","39301","39003",b‰Y,"1",‚’mŒ§,,"19540101",,"2884","1620",false
134.21685495,33.38578697,"2","14","39202","39004",²Šì•l,"1",‚’mŒ§,,"19540101",,"4182","1258",false
134.13965724,33.28648583,"2","14","39202","39005",º’Ã,"1",‚’mŒ§,,"19540101",,"5164","1245",false
134.01056265,33.41411998,"2","14","39302","39006",“Ş”¼—˜,"1",‚’mŒ§,,"19540101",,"11838","1844",false
133.75091685,33.52895707,"2","14","39211","39007",èŒ‹,"1",‚’mŒ§,,"19540101",,"5144","1199",false
133.24147381,33.32745472,"2","14","39401","39008",‹v—ç,"1",‚’mŒ§,,"19540101",,"6298","2032",false
133.24904472,33.28208775,"2","14","39401","39009",ãƒm‰Á],"1",‚’mŒ§,,"19540101",,"1931","193",false
133.11748381,33.07035694,"2","14","39428","39010",²‰ê,"1",‚’mŒ§,,"19540101",,"1798","172",false
133.05948787,33.03453545,"2","14","39428","39011",ãìŒû,"1",‚’mŒ§,,"19540101",,"4078","741",false
133.00253738,32.94603338,"2","14","39210","39012",‰º“c,"1",‚’mŒ§,,"19540101",,"5853","2806",false
132.95780427,32.85720586,"2","14","39209","39013",‰ºƒm‰Á],"1",‚’mŒ§,,"19540101",,"4164","922",false
132.96584217,32.80198473,"2","14","39209","39014",ˆÈ•z—˜,"1",‚’mŒ§,,"19540101",,"1524","897",false
132.955973,32.770293,"2","14","39209","39015",´…,"1",‚’mŒ§,"19510119","19540101","1","1534","1001",false
132.88309134,32.778368,"2","14","39209","39016",Oè,"1",‚’mŒ§,,"19540101",,"1640","0",false
132.8396758,32.77416213,"2","14","39209","39017",‰ºìŒû,"1",‚’mŒ§,,"19540101",,"579","216",false
132.93554583,32.77997108,"2","14","39209","39022",‚ ‚µ‚¸‚è,"1",‚’mŒ§,,"19740406",,"1301","450",false
132.69275513,32.90004108,"1","13","39208","39023",h–Ñ˜p,"1",‚’mŒ§,"19860617","19840612","1","13064","5398",true
134.03540142,34.36603793,"1","13","37201","37001",‚¼,"1",ìŒ§,"19510119","19540801","1,2,3,8","35005","12023",true
133.86260904,34.34943899,"1","13","37203","37002",âo,"2",âos,"19510922","19530730","1,2,7","17163","5179",false
134.40873159,34.22993684,"2","14","37207","37003",ˆø“c,"1",ìŒ§,,"19520911",,"1419","363",false
134.34243443,34.2563741,"2","14","37207","37004",O–{¼,"1",ìŒ§,,"19520911",,"5770","1256",false
134.25977751,34.29067129,"2","14","37206","37005",’Ã“c,"1",ìŒ§,,"19520911",,"7040","879",false
134.17230342,34.3286927,"2","14","37206","37006",u“x,"1",ìŒ§,,"19520911",,"4857","924",false
133.99262837,34.46961619,"2","14","37364","37007",’¼“‡,"1",ìŒ§,,"19520911",,"4713","1402",false
133.8088094,34.32001617,"2","14","37202","37008",‰F‘½’Ã,"1",ìŒ§,,"19520911",,"7702","38",false
133.77532947,34.3011082,"1","14","37202","37009",ŠÛ‹T,"1",ìŒ§,,"19520911","2","12834","6345",true
133.74152695,34.27718621,"2","14","37404","37010",‘½“x’Ã,"1",ìŒ§,,"19520911",,"5337","1447",true
133.6648157,34.24616003,"1","14","37208","37011",˜lŠÔ,"1",ìŒ§,,"19520911","2","20866","2445",false
133.6388296,34.19450071,"2","14","37208","37012",m”ö,"1",ìŒ§,,"19520911",,"10301","2706",false
133.6337463,34.07950392,"2","14","37205","37013",–L•l,"1",ìŒ§,,"19520911",,"6572","966",false
134.22674621,34.47565339,"2","14","37324","37014",’r“c,"1",ìŒ§,,"19520911",,"3308","697",true
134.37000858,34.25382816,"2","14","37207","37015",”’’¹,"1",ìŒ§,,"19540701",,"5207","250",false
134.16206942,34.49961498,"2","14","37322","37016",“y¯,"1",ìŒ§,,"19540701",,"7800","1781",true
134.31906868,34.45370187,"2","14","37324","37017",âè,"1",ìŒ§,,"19610214","1","1720","506",true
134.15729316,34.3421965,"2","14","37201","37018",–´—ç,"1",ìŒ§,,"19570430",,"3470","1095",false
134.2844119,34.54894384,"2","14","37322","37019",‘å•”,"1",ìŒ§,,"19610615",,"1686","700",true
134.29707113,34.46842613,"2","14","37324","37020",“àŠC,"1",ìŒ§,,"19610615",,"14130","1226",true
133.62905001,34.12584972,"2","14","37205","37021",ŠÏ‰¹›,"1",ìŒ§,,"19610615",,"9537","3120",false
134.18133779,34.47245675,"2","14","37322","37022",“y¯“Œ,"1",ìŒ§,,"19631126",,"2343","502",false
134.05887566,34.49099178,"2","14","37322","37023",‰Æ‰Y,"1",ìŒ§,,"19631126",,"3316","576",true
133.97425389,34.47958582,"1","14","37364","37024",•—ŒË,"2",’¼“‡’¬,,"19621120",,"510","649",true
133.97435185,34.49803172,"2","14","37364","37025",› •—,"2",’¼“‡’¬,,"19621120",,"384","113",false
133.9728337,34.45582959,"2","14","37364","37026",‹{‰Y,"1",ìŒ§,,"19910528",,"1307","795",true
133.6896381,34.37535013,"2","14","37202","37027",Â–Ø,"2",ŠÛ‹Ts,,"19621219",,"2111","396",true
133.67460681,34.40188776,"2","14","37202","37028",è“‡,"2",ŠÛ‹Ts,,"19630624",,"938","276",true
134.16036232,34.3578211,"0","14","37201","37029",Š‹Œ´,"2",‚¼s,,"19630405",,"390","0",false
134.10410334,34.40715672,"2","14","37201","37030",‘å“‡,"2",‚¼s,,"19630405",,"492","167",false
133.64308573,34.15725181,"2","14","37205","37031",º–{,"2",ŠÏ‰¹›s,,"19610630",,"2120","444",false
134.05077829,34.38873576,"2","14","37201","37032",—–Ø,"2",‚¼s,,"19631029",,"2316","751",true
134.05291879,34.42366018,"2","14","37201","37033",’j–Ø,"2",‚¼s,,"19631029",,"824","441",true
134.11648214,34.36198249,"2","14","37201","37034",—§Î,"2",‚¼s,,"19631029",,"1897","539",false
134.11261616,34.36662172,"2","14","37201","37035",Îê,"2",‚¼s,,"19631029",,"712","110",false
134.0960643,34.38273974,"0","14","37201","37036",’·è•@,"2",‚¼s,,"19631029",,"22","0",false
133.63836815,34.26769911,"2","14","37208","37037",ˆ¾“‡,"2",O–Ls,,"19631105",,"2369","405",true
133.6762149,34.26759216,"2","14","37208","37038",uX“‡,"2",O–Ls,,"19640211",,"1338","0",false
133.62021675,34.23927282,"0","14","37208","37039",‘D‰z,"2",O–Ls,,"19640211",,"1767","91",false
133.59192453,34.26124799,"2","14","37208","37040",” ‰Y,"2",O–Ls,,"19640211",,"1744","396",false
133.62027301,34.27043401,"2","14","37208","37041",ˆ¾“‡¼,"2",O–Ls,,"19640211",,"1407","0",false
133.63075853,34.27852957,"0","14","37208","37042",‘D‰B,"2",O–Ls,,"19640211",,"683","30",false
134.12089647,34.36099356,"2","14","37201","37043",‹v’Ê,"2",‚¼s,,"19730515",,"1132","316",false
134.26375298,34.32801502,"2","14","37206","37044",’–’Ë,"2",‚³‚Ê‚«s,,"19640211",,"823","15",false
133.82592909,34.39029003,"2","14","37203","37046",—^“‡,"2",âos,,"19651116",,"4003","757",false
133.91979536,34.38199059,"2","14","37203","37048",–Ø‘ò,"2",âos,,"19651116",,"2206","0",false
133.72006554,34.36023559,"2","14","37202","37049",]‚Ì‰Y,"2",ŠÛ‹Ts,,"19640212",,"4957","414",true
133.76114518,34.39348021,"2","14","37202","37050",‘å‰Y,"2",ŠÛ‹Ts,,"19640212",,"1664","0",false
133.77933989,34.3796628,"2","14","37202","37051",–{“‡,"2",ŠÛ‹Ts,,"19640420",,"4518","1023",true
134.2290845,34.43031632,"2","14","37324","37052",O“s,"2",¬“¤“‡’¬,,"19640511",,"1919","187",false
134.23247734,34.46834071,"2","14","37324","37053",º¶–k,"2",¬“¤“‡’¬,,"19640511",,"1018","63",false
134.23745067,34.45274128,"2","14","37324","37054",‹g–ìè,"2",¬“¤“‡’¬,,"19640511",,"986","307",false
134.1214102,34.38117613,"2","14","37201","37055",ˆÁ¡,"2",‚¼s,,"19761201",,"1834","267",false
133.78171304,34.36446647,"2","14","37202","37056",—¢‰Y,"2",ŠÛ‹Ts,,"19640912",,"996","95",false
133.79168427,34.39219614,"2","14","37202","37057",Vİ‰Æ,"2",ŠÛ‹Ts,,"19640912",,"260","0",false
133.78332793,34.35689873,"2","14","37202","37058",¬‰Y,"2",ŠÛ‹Ts,,"19640912",,"702","0",false
133.75743976,34.37657894,"2","14","37202","37059",¶ƒm•l,"2",ŠÛ‹Ts,,"19660311",,"1008","0",false
133.75430169,34.38680793,"2","14","37202","37060",K•l,"2",ŠÛ‹Ts,,"19660311",,"502","0",false
134.20923058,34.52189311,"2","14","37322","37061",”n‰z,"2",“y¯’¬,,"19640912",,"595","85",false
134.11373251,34.47948552,"2","14","37322","37062",¬–L“‡,"2",“y¯’¬,,"19640912",,"277","214",false
134.23635266,34.53292393,"2","14","37322","37063",–k‰Y,"2",“y¯’¬,,"19640912",,"2104","178",false
134.18834128,34.52018433,"2","14","37322","37064",]“‡,"2",“y¯’¬,,"19640912",,"1039","21",false
134.14173949,34.4717341,"2","14","37322","37065",¬£,"2",“y¯’¬,,"19660311",,"357","73",false
133.68559771,34.31467849,"2","14","37404","37066",‚Œ©,"2",‘½“x’Ã’¬,,"19650309",,"3329","604",true
133.63377884,34.34508645,"2","14","37404","37067",²–ö,"2",‘½“x’Ã’¬,,"19650309",,"3130","496",false
133.71206882,34.24737637,"2","14","37404","37068",Œ©—§,"2",‘½“x’Ã’¬,,"19650309",,"1314","0",false
134.39892826,34.23889687,"2","14","37207","37069",ˆÀŒË,"2",“Œ‚©‚ª‚ís,,"19700609",,"2176","30",false
132.69885618,33.86331666,"1","13","38201","38001",¼R,"1",ˆ¤•QŒ§,"19510119","19540301","1,2,7","30490","10562",true
132.54804989,33.22919365,"1","13","38203","38002",‰F˜a“‡,"1",ˆ¤•QŒ§,"19600609","19530710","1,2,3","8161","3363",true
133.30986573,33.99437855,"1","13","38205","38003",V‹•l,"3",V‹•l`–±‹Ç,"19510922","19531201","1,2","21496","3546",true
133.01844246,34.07000258,"1","13","38202","38004",¡¡,"2",¡¡s,"19510119","19521101","1,2,3","14157","6196",true
132.41076366,33.45484247,"1","14","38204","38005",”ª”¦•l,"2",”ª”¦•ls,"19600609","19530331",,"1815","3399",true
133.14337699,33.97309913,"1","13","38205","38006",“Œ—\,"1",ˆ¤•QŒ§,"19640401","19640331",,"39793","3469",true
133.54177755,34.00657591,"1","13","38213","38007",O“‡ì”V],"1",ˆ¤•QŒ§,"19710401","19700819","1,2","13185","8135",false
133.51379437,33.9725575,"2","14","38213","38009",Š¦ì,"1",ˆ¤•QŒ§,,"19530710",,"1898","718",false
133.12665395,34.20462192,"2","14","38202","38010",”Œ•û,"1",ˆ¤•QŒ§,,"19530710",,"2123","712",false
132.83624479,34.037491,"2","14","38202","38011",‹eŠÔ,"1",ˆ¤•QŒ§,,"19530710",,"3014","818",false
132.76856368,33.97615808,"2","14","38201","38012",–kğ,"1",ˆ¤•QŒ§,,"19530710",,"4850","1109",false
132.64538601,33.97116324,"2","14","38201","38013",’†“‡,"1",ˆ¤•QŒ§,,"19530710",,"4903","1185",true
132.69203045,33.78554639,"1","14","38401","38014",¼‘O,"1",ˆ¤•QŒ§,,"19530710",,"5633","516",false
132.69357967,33.75759056,"2","14","38210","38015",ˆÉ—\,"1",ˆ¤•QŒ§,,"19530710",,"4734","1742",false
132.49103275,33.62493078,"1","14","38207","38016",’·•l,"1",ˆ¤•QŒ§,,"19530710",,"7195","2826",false
132.52283713,33.31153257,"2","14","38203","38017",‹Ê’Ã,"1",ˆ¤•QŒ§,,"19530710",,"3269","400",false
132.498484,33.126689,"2","14","38203","38018",Šâ¼,"1",ˆ¤•QŒ§,,"19530710",,"1499","253",false
132.54053783,32.96788511,"2","14","38506","38019",Œä‘‘,"1",ˆ¤•QŒ§,,"19530710",,"2352","659",false
133.19716884,34.25833783,"2","14","38356","38020",‹|í,"1",ˆ¤•QŒ§,,"19550425",,"6895","833",false
132.97027276,34.11109035,"2","14","38202","38021",”g~•l,"1",ˆ¤•QŒ§,,"19550425",,"985","115",false
132.39257347,33.47186966,"2","14","38204","38022",ì”VÎ,"1",ˆ¤•QŒ§,,"19550425",,"3538","1160",false
132.9550441,34.12340573,"2","14","38202","38023",”g•û,"1",ˆ¤•QŒ§,,"19600401",,"1134","636",false
132.10943788,33.38384469,"2","14","38442","38024",Oè,"1",ˆ¤•QŒ§,,"19600401",,"6054","1149",true
132.98623208,34.25028192,"2","14","38202","38025",‹{‰Y,"1",ˆ¤•QŒ§,,"19530331",,"2197","1278",false
133.03379189,34.15909044,"2","14","38202","38026",‹gŠC,"1",ˆ¤•QŒ§,,"19560917",,"9017","612",false
132.99120598,34.26005999,"2","14","38202","38027",‘åŒ©,"2",¡¡s,,"19590305",,"409","158",false
133.04626703,34.26704922,"2","14","38202","38028",ã‰Y,"2",¡¡s,,"19570310",,"6319","1119",false
132.88405417,34.1800592,"2","14","38202","38031",‰ª‘º,"2",¡¡s,,"19530331",,"2596","1197",true
132.9198582,34.19017078,"2","14","38202","38033",‘å‰º,"2",¡¡s,,"19590218",,"1389","394",true
133.0271638,34.18581708,"2","14","38202","38034",“cƒm‰Y,"2",¡¡s,,"19571216",,"766","75",false
133.04188798,34.19529274,"2","14","38202","38035",‘ì,"2",¡¡s,,"19580213",,"1213","292",false
133.1867817,34.110436,"2","14","38202","38036",lâ,"2",¡¡s,,"19580213",,"59","0",false
133.07861594,34.23222933,"2","14","38202","38037",‘O•l,"2",¡¡s,,"19590305",,"2636","200",false
133.11502761,34.21999642,"2","14","38202","38038",ŒÃ],"2",¡¡s,,"19590305",,"3175","329",false
133.07173094,34.20351366,"2","14","38202","38039",}‰z,"2",¡¡s,,"19590305",,"2320","360",false
133.06365283,34.21832267,"2","14","38202","38040",ŒFŒû,"2",¡¡s,,"19590305",,"1948","65",false
133.09717197,34.20117832,"2","14","38202","38041",—L’Ã,"2",¡¡s,,"19590305",,"2857","172",true
133.10114692,34.23687264,"2","14","38202","38042",–k‰Y,"2",¡¡s,,"19590305",,"2964","221",false
133.14433018,34.27930397,"2","14","38356","38043",¬‘†,"2",ã“‡’¬,,"19571218",,"447","134",true
133.13173679,34.24935742,"2","14","38356","38044",¼•”,"2",ã“‡’¬,,"19571218",,"825","55",false
133.15932022,34.27212127,"2","14","38356","38045",’·],"2",ã“‡’¬,,"19571218",,"970","582",false
133.1864841,34.26706793,"2","14","38356","38046",¶–¼,"2",ã“‡’¬,,"19570719",,"1184","377",false
133.17755876,34.27814424,"2","14","38356","38047",—§Î,"2",ã“‡’¬,,"19590323",,"1121","235",false
132.93384025,34.12773082,"2","14","38202","38048",Xã,"2",¡¡s,,"19580326",,"691","50",false
132.74849427,33.90935452,"2","14","38201","38049",–x],"2",¼Rs,,"19530521",,"879","130",false
132.35899243,33.47677775,"2","14","38442","38050",ˆÉ•û,"2",ˆÉ•û’¬,,"19550207",,"4383","1199",false
132.25679412,33.46126998,"2","14","38442","38051",OŠ÷,"2",ˆÉ•û’¬,,"19530331",,"4347","703",false
132.41719552,33.38127393,"2","14","38214","38052",O•r,"2",¼—\s,,"19530331",,"316","791",false
132.54055716,33.2679418,"2","14","38203","38053",‹g“c,"2",‰F˜a“‡s,,"19530331",,"3881","656",false
132.601182,33.98567618,"2","14","38201","38056",¼’†,"2",¼Rs,,"19700506",,"751","55",false
133.0492592,34.01663227,"0","15","38202","38205",÷ˆä‰ÍŒû,"5",,,"19560331",,"0","0",false
136.6866338,34.95287356,"1","12","24202","24001",l“ús,"4",l“ús`ŠÇ—‘g‡,"19510119","19660401","1,2,3,7,8","50612","13170",false
136.22364322,34.07451769,"1","13","24209","24002",”ö˜h,"1",OdŒ§,"19670601","19520901","1,2","9059","2855",false
136.70600766,35.05793916,"0","14","24205","24003",ŒK–¼,"1",OdŒ§,,"19520901",,"1525","848",false
136.61657685,34.85234289,"2","14","24207","24004",ç‘ãè,"1",OdŒ§,,"19520901",,"6153","1004",false
136.5637143,34.67424834,"1","13","24201","24005",’Ã¼ã,"1",OdŒ§,"19710401","19710323","2","56826","4051",false
136.59527221,34.82700784,"2","14","24207","24006",”’q,"1",OdŒ§,,"19530922",,"4961","738",false
136.76322622,34.52251635,"2","14","24203","24008",‰F¡R“c,"1",OdŒ§,,"19520901",,"17880","1364",false
136.69922036,34.33707588,"2","14","24472","24009",ŒÜƒ–Š,"1",OdŒ§,,"19520901",,"21403","1346",false
136.51400573,34.26415495,"2","14","24472","24010",‹g’Ã,"1",OdŒ§,,"19530922",,"5035","1026",false
136.84722189,34.48973092,"1","14","24211","24011",’¹‰H,"1",OdŒ§,,"19520901","1,3","6873","2413",true
136.88702806,34.37537544,"2","14","24211","24012",“I–î,"1",OdŒ§,,"19530922",,"38937","2579",false
136.76542878,34.29501545,"2","14","24215","24013",•l“‡,"1",OdŒ§,,"19520901","1","10814","1127",false
136.34552885,34.19377778,"2","14","24543","24014",’·“‡,"1",OdŒ§,,"19520901",,"12069","1647",false
136.25095884,34.10820683,"2","14","24543","24015",ˆø–{,"1",OdŒ§,,"19520901",,"6281","1891",false
136.11827656,33.88769186,"2","14","24212","24016",–Ø–{,"1",OdŒ§,,"19520901",,"3914","249",false
136.19186997,33.93754638,"2","14","24212","24017",“ñ–Ø“‡,"1",OdŒ§,,"19530922",,"3672","1605",false
136.02181089,33.73224323,"2","14","24562","24018",‰L“a,"1",OdŒ§,,"19530922",,"4968","1001",false
136.1949737,33.97154637,"2","14","24209","24019",‰ê“c,"1",OdŒ§,,"19530922",,"2156","500",false
136.81735422,34.30444325,"2","14","24215","24020",Œ«“‡,"1",OdŒ§,,"19530922",,"714","185",false
136.21585807,33.99452602,"2","14","24209","24021",O–Ø—¢,"1",OdŒ§,,"19530922",,"3865","315",false
135.38786252,34.63222813,"1","11","27107","27001",‘åã,"2",‘åãs,"19510119","19520101","1,2,5,6,7,8","97237","47683",true
135.37464493,34.56871234,"1","12","27144","27002",äò–k,"1",‘åã•{,"19590611","19690328","1,2","42538","15293",true
135.3566375,34.48421486,"1","13","27202","27003",ã“ì,"1",‘åã•{,"19680417","19680415","1,2","31550","9640",false
135.17858167,34.34140973,"0","14","27366","27004",’W—Ö,"1",‘åã•{,,"19511212",,"2769","1908",false
135.13246511,34.32638576,"1","14","27366","27005",[“ú,"1",‘åã•{,,"19511212",,"5987","929",false
135.23992228,34.36892241,"2","14","27232","27006",”öè,"1",‘åã•{,,"19590114",,"1897","627",false
135.33112595,34.43534701,"0","14","27208","27008",“ñF,"1",‘åã•{,,"19640217",,"2955","24",false
135.30931218,34.42082584,"1","14","27213","27009",ò²–ì,"1",‘åã•{,,"19860331",,"1816","560",false
135.25633662,34.42981737,"2","14","27213","27010",òB,"1",‘åã•{,,"19940711",,"0","137",false
135.11162594,34.19189456,"1","12","30201","30001",˜a‰ÌR‰º’Ã,"1",˜a‰ÌRŒ§,"19510119","19530801","1,2,3,7,8","59592","11482",true
135.37720829,33.7166323,"1","14","30206","30002",•¶—¢,"1",˜a‰ÌRŒ§,,"19530801","1","6908","1759",false
135.08453692,34.30759756,"2","14","30201","30003",‘åì,"1",˜a‰ÌRŒ§,,"19530801",,"1451","90",false
135.94692753,33.62219785,"2","14","30421","30004",Ÿ‰Y,"1",˜a‰ÌRŒ§,,"19530801","3","810","296",false
135.08394841,33.94845164,"2","14","30383","30005",—R—Ç,"1",˜a‰ÌRŒ§,,"19530801",,"14335","2197",false
135.06956422,34.28051694,"2","14","30201","30006",‰Á‘¾,"1",˜a‰ÌRŒ§,,"19530801",,"6157","1778",false
135.16664939,34.03213734,"2","14","30361","30007",“’óL,"1",˜a‰ÌRŒ§,,"19530801",,"8487","2461",false
135.90298091,33.56093559,"2","14","30421","30008",‰Y_,"1",˜a‰ÌRŒ§,,"19530801",,"1658","1712",false
135.97510612,33.65408342,"2","14","30421","30009",‰F‹vˆä,"1",˜a‰ÌRŒ§,,"19530801",,"1961","769",false
135.77180253,33.47752374,"2","14","30428","30010",‘Ü,"1",˜a‰ÌRŒ§,,"19530801",,"1211","451",false
135.44356902,33.56068964,"2","14","30401","30011",“ú’u,"1",˜a‰ÌRŒ§,,"19530801",,"3893","1564",false
135.82556688,33.51275172,"2","14","30428","30012",ŒÃÀ,"1",˜a‰ÌRŒ§,,"19530801",,"2313","646",false
135.14709853,33.86356214,"1","13","30205","30013",“ú‚,"1",˜a‰ÌRŒ§,"19831004","19530801",,"6554","2303",false
135.79928393,33.46920032,"2","14","30428","30014",‘å“‡,"1",˜a‰ÌRŒ§,,"19641118",,"956","336",false
135.98252529,33.67025605,"1","14","30207","30015",V‹{,"1",˜a‰ÌRŒ§,,"19700312","2","7553","1884",false
135.35905905,35.49455258,"1","13","26202","26001",•‘’ß,"1",‹“s•{,"19510119","19530410","1,2,3,7,8","28989","12165",true
134.90885051,35.62599993,"2","14","26212","26002",‹v”ü•l,"1",‹“s•{,,"19530201",,"15778","1812",false
135.20020928,35.56659005,"1","14","26205","26003",‹{’Ã,"1",‹“s•{,,"19530201","1,2","30751","2454",false
136.83587235,35.01587302,"1","12","23111","23001",–¼ŒÃ‰®,"4",–¼ŒÃ‰®`ŠÇ—‘g‡,"19510119","19510908","1,2,5,6,7","162608","33915",true
136.94575108,34.83978651,"1","13","23205","23002",ˆß‰Y,"1",ˆ¤’mŒ§,"19570520","19570425","1,2","99405","12199",false
137.25778682,34.76333213,"1","13","23201","23003",O‰Í,"1",ˆ¤’mŒ§,"19640401","19620504","1,2,7,8","75820","16935",false
136.97468956,34.6985105,"2","14","23445","23004",tè,"1",ˆ¤’mŒ§,,"19540801",,"2089","847",true
136.83155877,34.87166209,"2","14","23216","23005",íŠŠ,"1",ˆ¤’mŒ§,,"19540801",,"9479","3108",false
137.07560046,34.78069373,"2","14","23213","23006",‹g“c,"1",ˆ¤’mŒ§,,"19540801",,"5702","3047",false
137.01153589,34.58759119,"2","14","23231","23007",ˆÉ—ÇŒÎ,"1",ˆ¤’mŒ§,,"19540801","1","3509","814",true
137.10819191,34.64954683,"2","14","23231","23008",•Ÿ],"1",ˆ¤’mŒ§,,"19540801",,"7866","1648",false
137.1671699,34.76998395,"2","14","23214","23009",‘q•‘,"2",Š—ŒSs,,"19561108",,"1038","514",false
136.86711432,34.73340403,"2","14","23445","23010",“àŠC,"2",“ì’m‘½’¬,,"19570416",,"6210","849",false
137.1593967,34.65597428,"2","14","23231","23011",ò,"2",“cŒ´s,,"19570510",,"2101","634",false
136.83697453,34.76377423,"0","14","23446","23012",•y‹ïè,"1",ˆ¤’mŒ§,,"19730818",,"2361","272",false
137.19258981,34.66915841,"0","14","23231","23013",”n‘,"2",“cŒ´s,,"19570905",,"368","142",false
137.14684746,34.7776346,"2","14","23213","23014",“Œ”¦“¤,"1",ˆ¤’mŒ§,,"19650204",,"9011","2322",false
136.91632595,34.77776303,"2","14","23446","23015",‰Í˜a,"1",ˆ¤’mŒ§,,"19650204",,"3074","209",false
137.14144492,36.78893777,"1","12","16201","16001",•š–Ø•xR,"1",•xRŒ§,"19510119","19530701","1,2,3,7","59243","15333",false
137.39004619,36.81280952,"2","14","16204","16002",‹›’Ã,"1",•xRŒ§,,"19530701",,"6858","1650",false
136.99120967,37.09103044,"1","13","17202","17001",µ”ö,"1",ÎìŒ§,"19510119","19520401","1,2,3","34389","5852",false
136.58348279,36.61432138,"1","13","17201","17002",‹à‘ò,"1",ÎìŒ§,"19640401","19520401","1,2,7","25715","5965",false
136.9182856,37.2190323,"2","14","17461","17003",ŒŠ…,"1",ÎìŒ§,,"19520401",,"7226","911",false
137.15363154,37.2969015,"2","14","17463","17004",‰Fo’Ã,"1",ÎìŒ§,,"19520401",,"3706","2073",false
137.23590381,37.29572643,"2","14","17463","17005",¬–Ø,"1",ÎìŒ§,,"19520401","1","3992","2305",false
137.26562229,37.43397965,"2","14","17205","17006",”Ñ“c,"1",ÎìŒ§,,"19520401",,"3550","1235",false
136.91369583,37.40425424,"2","14","17204","17007",—Ö“‡,"1",ÎìŒ§,,"19520401",,"5824","1955",false
136.72248708,37.0847564,"2","14","17384","17008",•Ÿ‰Y,"1",ÎìŒ§,,"19520401",,"906","898",false
136.75396347,36.9198657,"2","14","17207","17009",‘ê,"1",ÎìŒ§,,"19520401",,"3161","758",false
136.24373611,36.30067617,"2","14","17206","17010",‰–‰®,"1",ÎìŒ§,,"19520401",,"1675","957",false
136.91549805,37.09263499,"2","14","17202","17011",˜a‘q,"2",µ”ös,,"19660105",,"808","354",false
136.93490386,37.11655235,"2","14","17202","17014",”¼ƒm‰Y,"2",µ”ös,,"19721013",,"1338","306",false
138.51083029,35.02519562,"1","12","22103","22001",´…,"1",Ã‰ªŒ§,"19510119","19520401","1,2,3,6,7","25657","14206",true
138.69435564,35.13989188,"1","13","22210","22002",“cq‚Ì‰Y,"1",Ã‰ªŒ§,"19640401","19521110","1,2","9820","3287",false
138.85217759,35.07779367,"2","14","22203","22003",À’Ã,"1",Ã‰ªŒ§,,"19521110","2","4098","2080",false
138.21418025,34.68369728,"2","14","22226","22004",‘Š—Ç,"1",Ã‰ªŒ§,,"19521110",,"9511","1219",false
138.78570143,34.91175108,"2","14","22222","22005",“y”ì,"1",Ã‰ªŒ§,,"19521110",,"4070","530",true
138.76862422,34.75870863,"2","14","22305","22006",¼è,"1",Ã‰ªŒ§,,"19521110",,"2923","965",false
139.12778253,34.97303294,"2","14","22208","22007",ˆÉ“Œ,"1",Ã‰ªŒ§,,"19521110",,"8391","2447",false
139.0824024,35.08166723,"2","14","22205","22008",”MŠC,"1",Ã‰ªŒ§,,"19521110",,"8514","1077",false
138.9537072,34.66710332,"2","14","22219","22009",‰º“c,"1",Ã‰ªŒ§,,"19521110","1,3","3068","2125",false
137.60449441,34.67442604,"2","14","22133","22010",•l–¼,"1",Ã‰ªŒ§,,"19521110",,"28235","3842",false
138.76974082,34.850627,"2","14","22306","22012",‰F‹v{,"1",Ã‰ªŒ§,,"19521110",,"3086","526",false
138.89417821,34.63139625,"2","14","22304","22013",èÎ,"1",Ã‰ªŒ§,,"19530710",,"2225","466",false
138.23187444,34.72835561,"0","14","22226","22014",YŒ´,"1",Ã‰ªŒ§,,"19600901",,"3379","0",false
138.30495666,34.78045535,"1","14","22212","22015",‘åˆäì,"2",Ä’Ãs,,"19620719",,"3881","2800",false
138.22400579,34.63687739,"1","13","22223","22016",Œä‘Oè,"1",Ã‰ªŒ§,"19750422","19521110","1,2","15504","4350",false
139.15276133,37.99014077,"1","12","15101","15001",VŠƒ,"1",VŠƒŒ§,"19510119","19540325","1,2,5,6,7","52602","14416",true
138.45761982,38.08933987,"1","13","15224","15002",—¼’Ã,"1",VŠƒŒ§,"19510922","19520601","1,2","20585","2011",true
138.2541037,37.20230668,"1","13","15222","15003",’¼]’Ã,"1",VŠƒŒ§,"19510922","19520601","1,2,7","19474","4986",true
138.52985572,37.37273406,"1","14","15205","15004",”è,"1",VŠƒŒ§,,"19520601","2","8523","3108",false
138.75765035,37.64420159,"2","14","15202","15005",›”‘,"1",VŠƒŒ§,,"19520601",,"7308","1413",false
139.42347533,38.19964127,"2","14","15212","15007",Šâ‘D,"1",VŠƒŒ§,,"19520601",,"11894","1445",false
138.2670296,37.97115008,"2","14","15224","15008",“ñŒ©,"1",VŠƒŒ§,,"19520601",,"3066","780",false
138.41171255,37.8677078,"2","14","15224","15009",Ô”‘,"1",VŠƒŒ§,,"19530331",,"5421","1634",false
137.84594407,37.04802352,"1","14","15216","15010",•Pì,"1",VŠƒŒ§,,"19530331",,"10307","1555",false
138.29094789,37.81489842,"1","13","15224","15012",¬–Ø,"1",VŠƒŒ§,"19740423","19520601",,"7596","1889",true
140.89054745,36.92066586,"1","13","07204","07001",¬–¼•l,"1",•Ÿ“‡Œ§,"19510119","19520801","1,2,3,7","18850","8438",false
140.96418212,36.96518831,"2","14","07204","07002",]–¼,"1",•Ÿ“‡Œ§,,"19520801",,"3090","892",false
141.00689011,37.1489819,"2","14","07204","07003",‹v”V•l,"1",•Ÿ“‡Œ§,,"19600512",,"1600","70",false
140.95322162,36.95737522,"2","14","07204","07005",’†”Vì,"1",•Ÿ“‡Œ§,,"19620704",,"4280","1257",false
140.96546177,37.85804819,"1","13","07209","07008",‘Š”n,"1",•Ÿ“‡Œ§,"19740423","19600125",,"9259","955",false
140.71466943,35.94682024,"2","13","08232","08001",­“‡,"1",ˆïéŒ§,"19630401","19620530","1,2,3,7","24518","6324",false
140.70075481,36.64853072,"2","14","08202","08005",ìK,"1",ˆïéŒ§,,"19581224",,"3442","448",false
140.64764679,36.54336228,"2","14","08202","08006",‰ÍŒ´q,"1",ˆïéŒ§,,"19581224",,"3595","249",false
140.62972233,36.41722131,"1","13","08221","08009",ˆïé,"1",ˆïéŒ§,"19830329","19830303","1,2","22330","10588",true
140.003552,35.57306633,"1","12","12101","12001",ç—t,"1",ç—tŒ§,"19570520","19530325","1,2,3,6,7,8","51109","19579",false
139.82813847,35.3850851,"1","13","12206","12002",–ØX’Ã,"1",ç—tŒ§,"19680417","19530325","1,2","20623","5191",false
139.84156564,34.99770982,"1","14","12205","12003",ŠÙR,"1",ç—tŒ§,,"19530325","1","3069","1251",false
140.25276333,35.12939937,"2","14","12218","12004",‹»’Ã,"1",ç—tŒ§,,"19530325",,"3573","425",false
140.83316809,35.70235853,"2","14","12202","12005",–¼ô,"1",ç—tŒ§,,"19530325",,"8117","2972",false
139.86136705,35.2229726,"0","14","12226","12007",ã‘–©,"1",ç—tŒ§,,"19550425",,"4677","342",false
139.81207766,35.17197755,"2","14","12226","12008",•l‹à’J,"1",ç—tŒ§,,"19780701",,"1395","356",true
139.80491794,35.57386488,"1","11","13102","13001",“Œ‹,"1",“Œ‹“s,"19510119","19511101","1,2,3,5,6,7,8","88116","18812",true
139.34779448,34.75156542,"2","14","13361","13002",Œ³’¬,"1",“Œ‹“s,,"19530331",,"353","510",false
139.387321,34.79266028,"2","14","13361","13003",‰ª“c,"1",“Œ‹“s,,"19530331",,"577","430",false
139.44240248,34.68294157,"2","14","13361","13004",”g•‚,"1",“Œ‹“s,,"19530331",,"345","892",false
139.24624664,34.37451687,"2","14","13363","13005",V“‡,"1",“Œ‹“s,,"19530331",,"1623","580",false
139.12748399,34.2061658,"2","14","13364","13006",_’Ã“‡,"1",“Œ‹“s,,"19530331",,"324","1057",false
139.51397033,34.12292643,"0","14","13381","13007",‘å‹v•Û,"1",“Œ‹“s,,"19530331",,"0","30",false
139.7688381,33.09568503,"2","14","13401","13008",”ªdª,"1",“Œ‹“s,,"19530331",,"301","230",false
139.81888155,33.12383121,"2","14","13401","13009",_–©,"1",“Œ‹“s,,"19530331",,"420","310",false
139.28151968,34.53514878,"2","14","13362","13010",—˜“‡,"1",“Œ‹“s,,"19571105",,"790","667",false
139.58855323,33.89805453,"2","14","13382","13011",Œä‘ “‡,"1",“Œ‹“s,,"19571105",,"565","462",false
139.56329989,34.08301589,"2","14","13381","13012",O’r,"1",“Œ‹“s,,"19571105",,"392","230",false
139.75945858,32.44587579,"2","14","13402","13013",Âƒ–“‡,"1",“Œ‹“s,,"19571105",,"385","54",false
139.22184982,34.31707109,"2","14","13363","13014",®ª“‡,"1",“Œ‹“s,,"19640707",,"218","230",false
142.19534974,27.08298888,"2","14","13421","13015",“ñŒ©,"1",“Œ‹“s,,"19700615","1,8","278","470",false
142.16000289,26.63749757,"2","14","13421","13017",‰«,"1",“Œ‹“s,,"19700828",,"585","522",false
139.78079993,32.45757079,"0","14","13402","13018",‘åç‘ã,"1",“Œ‹“s,,"19770223",,"0","50",false
139.69345556,35.41590508,"1","11","14101","14001",‰¡•l,"2",‰¡•ls,"19510119","19510601","1,2,3,4,5,6,7,8","46687","19772",false
139.77426612,35.48709552,"1","11","14131","14002",ìè,"2",ìès,"19510119","19510601","1,2,3,6,7","34736","7894",false
139.70444421,35.2864336,"1","13","14201","14003",‰¡{‰ê,"2",‰¡{‰ês,"19510119","19530401","1,2","19269","8524",true
139.32041346,35.30527524,"2","14","14341","14004",‘åˆé,"1",_“ŞìŒ§,,"19540401",,"2138","554",false
139.15005769,35.1494796,"2","14","14383","14005",^’ß,"1",_“ŞìŒ§,,"19540401",,"1557","910",false
139.48754188,35.30009917,"2","14","14205","14006",Ã“ì,"1",_“ŞìŒ§,,"19601011","1","1814","2207",false
139.56588068,35.28275755,"2","14","14301","14007",—tR,"1",_“ŞìŒ§,,"19640328",,"1019","1329",false
140.21992262,36.07987478,"2","14","08203","08999",“y‰Y,"1",ˆïéŒ§,,"19540301",,"695","1945",false
140.77853782,40.86011953,"1","13","02201","02001",ÂX,"1",ÂXŒ§,"19510119","19640721","1,2,7","25005","7574",true
141.52018705,40.56128971,"1","13","02203","02002",”ªŒË,"1",ÂXŒ§,"19510119","19530410","1,2,3,7","28423","7531",true
140.89867645,41.52958128,"2","14","02423","02003",‘åŠÔ,"1",ÂXŒ§,,"19530410",,"7916","2538",true
140.98820364,41.19604685,"2","14","02208","02004",ì“à,"1",ÂXŒ§,,"19530410",,"11639","990",false
141.16748795,41.25717451,"1","14","02208","02005",‘å–©,"1",ÂXŒ§,"19690401","19530410",,"12604","1482",false
141.1189641,40.87945511,"2","14","02401","02006",–ì•Ó’n,"1",ÂXŒ§,,"19530410",,"10622","1509",false
140.99194389,40.9433434,"2","14","02301","02007",¬–©,"1",ÂXŒ§,,"19530410",,"7704","1827",false
139.92424187,40.65486604,"2","14","02323","02008",[‰Y,"1",ÂXŒ§,,"19530410",,"6145","1948",false
141.43731333,41.41252363,"1","14","02424","02009",K‰®–¦,"1",ÂXŒ§,,"19530410",,"1730","467",false
141.4159767,40.95668792,"1","13","02411","02012",‚Ş‚Â¬ìŒ´,"1",ÂXŒ§,"19770913","19770330",,"8667","2120",false
140.23245834,40.80269181,"2","14","02321","02013",µ—¢’·•l,"1",ÂXŒ§,,"19830516",,"3368","230",false
141.23668909,41.36852151,"0","15","02208","02014",ŠÖª•l,"5",,,"19831020",,"0","0",false
140.80191314,41.31164837,"0","14","02426","02020",•§ƒ–‰Y,"1",ÂXŒ§,,"19910618",,"53","98",false
141.9761549,39.62793702,"1","13","03202","03001",‹{ŒÃ,"1",ŠâèŒ§,"19510119","19530302","1,2,3,7","7200","7424",false
141.73320508,39.01910089,"1","13","03203","03002",‘å‘D“n,"1",ŠâèŒ§,"19590611","19530302",,"6168","3865",false
141.92066353,39.25779671,"1","13","03211","03003",Š˜Î,"1",ŠâèŒ§,"19510922","19530510","1","8067","4500",false
141.76552805,40.34872011,"2","14","03507","03005",”ª–Ø,"1",ŠâèŒ§,,"19530302",,"2799","1089",false
141.82446611,40.20010296,"1","13","03207","03006",‹vœ,"1",ŠâèŒ§,"19750422","19530302",,"8675","3941",false
141.97829791,39.84786571,"0","14","03483","03007",¬–{,"1",ŠâèŒ§,,"19841221",,"801","105",false
141.09087231,38.32253852,"1","12","04203","04001",å‘ä‰–Š˜,"1",‹{éŒ§,"19510119","19520901","1,2,3,5,7","45797","18975",true
141.50232215,38.50158782,"2","14","04202","04003",—YŸ,"1",‹{éŒ§,,"19540401",,"4400","1333",false
141.44743312,38.37360925,"2","14","04202","04004",‰¬•l,"1",‹{éŒ§,,"19540401",,"1460","689",false
141.48265451,38.42172794,"2","14","04581","04006",—ì,"1",‹{éŒ§,,"19540401",,"2162","1647",false
141.54975955,38.29334336,"2","14","04202","04007",‹à‰ØR,"1",‹{éŒ§,,"19610930",,"938","320",false
141.59641873,38.88594982,"1","14","04205","04008",‹CåÀ,"1",‹{éŒ§,,"19630423","1,3","2719","598",true
141.66604697,38.86085125,"0","14","04205","04009",Œäè,"1",‹{éŒ§,,"19810123",,"315","185",false
141.46448787,38.32560302,"0","14","04202","04010",•\•l,"1",‹{éŒ§,,"19840918",,"614","511",false
139.8046782,38.93565108,"1","13","06204","06001",ğ“c,"1",RŒ`Œ§,"19510119","19530320","1,2,3,7,8","22400","10175",false
139.54421244,38.56074308,"2","14","06203","06002",‘lƒ–ŠÖ,"1",RŒ`Œ§,,"19520701",,"5725","1822",false
139.73052073,38.76747576,"2","14","06203","06003",‰Á–Î,"1",RŒ`Œ§,,"19520701",,"4397","1172",false
140.02690365,39.7622777,"1","13","05201","05001",H“c,"1",H“cŒ§,"19510119","19530730","1,2,7","29150","7518",true
139.86767654,39.87207477,"1","13","05206","05002",‘Dì,"1",H“cŒ§,"19510119","19530730",,"16484","6290",false
139.98386999,40.21057847,"1","13","05202","05003",”\‘ã,"1",H“cŒ§,"19810526","19530730",,"20704","2910",false
140.01174524,39.38929108,"2","14","05210","05004",–{‘‘,"1",H“cŒ§,,"19530730",,"5886","1217",false
139.70379221,39.95574567,"2","14","05206","05005",ŒË‰ê,"1",H“cŒ§,,"19530730",,"6383","1109",false
129.8177634,32.71355457,"1","13","42201","42001",’·è,"1",’·èŒ§,"19510119","19520401","1,2,3,4,7,8","20236","15157",true
129.29375908,34.19187852,"1","13","42209","42002",ŒµŒ´,"1",’·èŒ§,"19510922","19520501","1,2,8","3116","3447",true
129.67273157,33.74268713,"1","13","42210","42003",‹½ƒm‰Y,"1",’·èŒ§,"19590611","19520501","1","5821","4697",true
128.85480177,32.6973982,"1","13","42211","42004",•Ÿ],"1",’·èŒ§,"19510922","19520501","1,2","4978","4061",true
129.72160217,33.12308428,"1","13","42202","42005",²¢•Û,"2",²¢•Ûs,"19510119","19520801","1,2,3","52832","12070",true
130.3789781,32.7976589,"2","14","42203","42006",“‡Œ´,"1",’·èŒ§,,"19520501",,"14387","2687",true
129.48398358,34.65050241,"2","14","42209","42007",”ä“cŸ,"1",’·èŒ§,,"19520501","1,2","6238","3330",true
129.9174849,32.7029317,"2","14","42201","42008",–Î–Ø,"1",’·èŒ§,,"19520501",,"3156","2397",false
129.11391001,32.99151161,"2","14","42411","42009",—Lì,"1",’·èŒ§,,"19520501",,"3338","2116",true
129.55776173,33.01418051,"2","14","42212","42010",èŒË,"1",’·èŒ§,,"19520501",,"5962","563",true
129.59036626,33.20516271,"2","14","42202","42011",‰Pƒm‰Y,"1",’·èŒ§,,"19520501",,"9110","1994",false
129.57309978,33.36228586,"2","14","42207","42012",“c•½,"1",’·èŒ§,,"19520501",,"1392","1210",true
129.64636287,32.92533047,"2","14","42212","42013",£ŒË,"1",’·èŒ§,,"19520501",,"9412","2786",true
129.78733687,32.57854569,"2","14","42201","42014",˜e–¦,"1",’·èŒ§,,"19520501",,"2922","1832",false
129.58912402,33.30073896,"2","14","42202","42015",]Œ},"1",’·èŒ§,,"19520501",,"9315","397",false
129.78334684,32.70169056,"2","14","42201","42016",ˆÉ‰¤“‡,"1",’·èŒ§,,"19520501",,"3006","347",false
130.28915588,32.64965905,"2","14","42214","42017",{ì,"1",’·èŒ§,,"19520501",,"4352","1178",false
129.78414259,33.00933818,"2","14","42212","42018",‹{‰Y,"1",’·èŒ§,,"19600711",,"1785","341",false
130.19870837,32.60588574,"2","14","42214","42019",Œûƒm’Ã,"1",’·èŒ§,,"19520501",,"5205","644",true
129.62592082,33.03266151,"2","14","42212","42020",”ì‘O‘å“‡,"1",’·èŒ§,,"19520501",,"9125","1762",true
129.7614439,32.64609315,"2","14","42201","42021",‚“‡,"1",’·èŒ§,,"19520501",,"3454","598",false
130.20185464,32.92616311,"2","14","42204","42022",¬’·ˆä,"1",’·èŒ§,,"19520501",,"10016","1443",false
128.7723456,32.62093116,"2","14","42211","42023",•x],"1",’·èŒ§,,"19520501",,"6565","2321",false
129.69120131,33.86058365,"2","14","42210","42024",Ÿ–{,"1",’·èŒ§,,"19520501",,"7360","5248",false
129.56018777,33.37082067,"2","14","42207","42025",•½ŒË,"1",’·èŒ§,,"19520501","1","3319","1161",true
129.75921717,33.73835749,"2","14","42210","42026",ˆó’Ê›,"1",’·èŒ§,,"19540701",,"3307","2212",true
130.24493001,32.8761075,"2","14","42213","42027",¼‹½,"1",’·èŒ§,,"19540701",,"1695","279",false
129.18685295,34.23549068,"0","14","42209","42028",¬–Î“c,"1",’·èŒ§,,"19540701",,"2900","809",false
129.9304115,32.91865973,"2","14","42205","42029",‘å‘º,"1",’·èŒ§,,"19540701",,"7827","2306",false
128.77426666,32.75400485,"2","14","42211","42030",Šòh,"1",’·èŒ§,,"19600711",,"5027","603",false
129.02804368,32.89081258,"2","14","42411","42031",á¼,"1",’·èŒ§,,"19600711",,"1986","930",true
129.60475588,32.88788511,"1","14","42201","42033",’r“‡,"1",’·èŒ§,,"19600711",,"1869","115",true
129.64179138,33.2057829,"2","14","42202","42034",²X,"1",’·èŒ§,,"19600711",,"698","367",false
129.5290108,33.32387257,"2","14","42207","42035",ì“à,"1",’·èŒ§,,"19600711",,"5822","593",false
129.72424043,33.35556626,"2","14","42208","42036",’²ì,"1",’·èŒ§,,"19600711",,"4203","2188",false
129.90723534,33.03660021,"2","14","42321","42037",”Ş‹n,"1",’·èŒ§,,"19600711",,"2406","1249",false
129.027799,32.991639,"1","14","42411","42038",Â•û,"1",’·èŒ§,"19811016","19600711",,"3289","2390",true
129.31159241,34.52071571,"2","14","42209","42039",­Œ©,"1",’·èŒ§,,"19600711",,"2419","800",false
129.61828638,32.94132344,"1","14","42212","42040",¼“‡,"1",’·èŒ§,,"19600711",,"2885","795",true
129.8480969,32.84504746,"2","14","42308","42041",’Ã,"1",’·èŒ§,,"19600711",,"7784","1239",false
129.86405418,33.05744078,"2","14","42322","42042",ì’I,"1",’·èŒ§,,"19600711",,"5750","1706",false
128.63703192,32.64309806,"2","14","42211","42043",‹Êƒm‰Y,"1",’·èŒ§,,"19600711",,"11738","1524",false
130.31022667,32.87852467,"2","14","42213","42044",‘½”ä—Ç,"1",’·èŒ§,,"19540701",,"8808","924",true
129.6575531,33.04355668,"2","14","42212","42045",‘¾“c˜a,"1",’·èŒ§,,"19600809",,"2515","107",false
129.30989097,34.38355607,"2","14","42209","42046",mˆÊ,"1",’·èŒ§,,"19600809",,"1215","507",false
129.30872296,34.29286826,"2","14","42209","42047",’|•~,"1",’·èŒ§,,"19600809",,"4177","1379",false
129.7329912,33.05319889,"2","14","42212","42049",£ì,"1",’·èŒ§,,"19630422",,"3643","554",false
129.32867273,34.5312407,"2","14","42209","42050",m“c,"1",’·èŒ§,,"19630626",,"2012","567",false
128.93768321,32.82327818,"2","14","42211","42051",‘Š‚Ì‰Y,"1",’·èŒ§,,"19630904",,"10139","3335",true
129.82549785,33.35666939,"2","14","42208","42052",•Ÿ“‡,"1",’·èŒ§,,"19630904",,"4056","1049",false
129.53459692,33.47137406,"2","14","42207","42053",‘å“‡,"1",’·èŒ§,,"19600711",,"7855","1071",true
130.2025126,32.73874815,"2","14","42213","42054",¬•l,"1",’·èŒ§,,"19600711",,"4072","743",false
129.38541501,34.64375296,"2","14","42209","42055",²{“Ş,"1",’·èŒ§,,"19600711",,"1484","1410",false
129.94597691,32.73256915,"0","14","42201","42057",‘¾“c”ö,"1",’·èŒ§,,"19680625",,"1032","89",false
129.79059468,33.07830907,"0","14","42202","42058",‘Šò,"1",’·èŒ§,,"19680625",,"17523","2982",false
130.00170465,32.84045438,"0","14","42204","42059",‹vR,"1",’·èŒ§,,"19680625",,"2774","292",false
129.68041812,33.357149,"2","14","42208","42060",¼‰Y,"1",’·èŒ§,,"19860531",,"3205","1540",false
129.77809867,32.60546756,"2","14","42201","42061",ŒÃ—¢,"1",’·èŒ§,,"19680625",,"2448","175",false
129.80440594,32.91698452,"2","14","42201","42062",¬Œû,"1",’·èŒ§,,"19680625",,"4813","547",false
129.64563035,32.99349641,"2","14","42212","42063",‘å£ŒË–ö,"1",’·èŒ§,,"19680625",,"1770","278",false
129.99955953,32.75828155,"0","14","42204","42064",“cŒ‹,"1",’·èŒ§,,"19680625",,"4011","436",false
130.26745556,32.87487718,"0","14","42213","42065",_‘ã,"1",’·èŒ§,,"19680625",,"1698","129",false
129.65367814,33.00315155,"2","14","42212","42066",µƒcŠ˜,"1",’·èŒ§,,"19680625",,"3997","206",false
130.32769,32.663367,"0","15","42214","42070",Î“c,"5",,,"19570201",,"0","0",false
129.72915149,33.40895056,"0","15","42208","42071",O—¢,"5",,,"19560717",,"0","0",false
128.646172,32.768325,"0","15","42211","42072",•£ƒmŒ³,"5",,,"19560717",,"0","0",false
129.08056249,33.05982368,"0","14","42411","42073",‘]ª,"1",’·èŒ§,,"19861118",,"774","45",false
130.33765708,32.66658111,"0","14","42214","42075",“°è,"1",’·èŒ§,,"19770329",,"3643","747",false
129.5793437,33.0116161,"0","15","42212","42076",ˆ¢–[‰º,"5",,,"19570201",,"0","0",false
129.52357363,33.36828014,"0","14","42207","42078",ŒÃ],"1",’·èŒ§,,"19810221",,"6175","537",false
129.50952559,33.47171257,"0","15","42207","42079",‚q™á,"5",,,"19560717",,"0","0",false
129.73797983,33.40645052,"0","14","42208","42080",°˜Q,"1",’·èŒ§,,"19810221",,"633","325",false
129.95722755,32.7640285,"0","15","42201","42082",“Œ–],"5",,,"19570201",,"0","0",false
129.776052,33.426603,"0","14","42208","42084",_è,"1",’·èŒ§,,"19931118",,"1569","63",false
130.15730855,32.9057868,"0","14","42204","42085",éƒm‰º,"1",’·èŒ§,,"19880127",,"1314","180",false
129.67882729,33.39279648,"0","15","42208","42086",Šxè,"5",,,"19560717",,"0","0",false
129.48892651,33.24997718,"0","15","42207","42090",‘åìŒ´,"5",,,"19570201",,"0","0",false
129.97154929,32.86928492,"0","15","42205","42094",O‰Y‘D’Ã,"5",,,"19560717",,"0","0",false
129.7427076,33.42940101,"0","15","42208","42096",O‘ã,"5",,,"19560717",,"0","0",false
129.61468569,33.37431422,"0","15","42207","42098",Œ~ƒ–‰Y,"5",,,"19570201",,"0","0",false
129.60568585,33.37096631,"0","15","42207","42099",‹v,"5",,,"19570201",,"0","0",false
129.56741616,33.32066049,"0","15","42207","42100",‘å“ƒ,"5",,,"19570201",,"0","0",false
129.7501285,33.41850865,"0","15","42208","42103",Œ´,"5",,,"19570201",,"0","0",false
129.6588058,33.78991451,"0","14","42210","42106",Xƒm•l,"1",’·èŒ§,,"19861118",,"958","45",false
129.50218801,33.28053303,"0","15","42207","42107",•R·,"5",,,"19560717",,"0","0",false
129.11227415,33.07581772,"0","14","42411","42110",¬£—Ç,"1",’·èŒ§,,"19880811",,"256","65",false
128.689502,32.768326,"0","15","42211","42112",‘åì,"5",,,"19530801",,"0","0",false
129.75581711,33.04169628,"0","15","42212","42114",¬Œ},"5",,,"19560717",,"0","0",false
129.66816592,33.07472106,"2","14","42212","42118",–Ê‚,"1",’·èŒ§,,"19690630",,"2700","92",false
129.56024582,33.38386651,"0","15","42207","42119",’†‚Ì‰Y,"5",,,"19570201",,"0","0",false
128.8501902,32.77758806,"0","15","42211","42122",•l˜e,"5",,,"19591215",,"0","0",false
128.86769801,32.8310082,"0","15","42211","42123",Ü†,"5",,,"19591215",,"0","0",false
128.97227111,32.75645239,"0","15","42211","42124",–Ñ,"5",,,"19591215",,"0","0",false
128.8878478,32.64091467,"0","15","42211","42129",ƒJƒdƒ,"5",,,"19591215",,"0","0",false
128.65062239,32.73986597,"0","14","42211","42131",•ló,"1",’·èŒ§,,"19880930",,"538","70",false
129.00423078,32.75646951,"0","14","42211","42133",ˆ°ƒm‰Y,"1",’·èŒ§,,"19870704",,"422","63",false
129.09365107,32.99337201,"2","14","42411","42134",‰|’Ã,"1",’·èŒ§,,"19700302",,"690","562",false
129.03739556,32.92410015,"2","14","42411","42135",‹½ƒmñ,"1",’·èŒ§,,"19700508",,"636","387",true
129.86375328,32.85419074,"0","14","42307","42136",’·—^,"1",’·èŒ§,,"19760324",,"6468","962",false
129.67451863,32.8795979,"2","14","42201","42137",_ƒm‰Y,"1",’·èŒ§,,"19600711",,"2602","455",true
128.98443393,32.76151201,"0","14","42211","42138",Š‘“‡,"1",’·èŒ§,,"19800216",,"909","357",false
129.36736717,34.42856754,"0","14","42209","42140",‘]ƒm‰Y,"1",’·èŒ§,,"19921028",,"1128","266",false
129.65899187,33.38085671,"0","14","42208","42141",‰º“c,"1",’·èŒ§,,"19940310",,"1345","0",false
129.39580816,34.46847118,"0","14","42209","42142",•ô,"1",’·èŒ§,,"19980909",,"364","120",false
141.70684776,45.4145545,"1","13","01214","01002",’t“à,"2",’t“às,"19570520","19530331","1,2,3,8","23794","9011",true
141.72194444,42.59666667,"1","12","01213","01003",“Ï¬–q,"4",“Ï¬–q`ŠÇ—‘g‡,"19630401","19650701","1,2,3,7,8","23602","11306",true
141.62888889,43.96444444,"1","13","01212","01007",—¯–G,"2",—¯–Gs,"19520201","19530415","1,2,7","10902","4226",false
141.35240201,43.2630269,"1","14","01235","01013",Îë,"2",Îës,"19730416","19530331",,"2682","125",false
142.76020322,42.16519533,"2","14","01607","01015",‰Y‰Í,"2",‰Y‰Í’¬,,"19530331","1","4094","2336",false
143.1423086,42.01668266,"2","14","01609","01016",‚¦‚è‚à,"2",‚¦‚è‚à’¬,,"19530331",,"2673","1345",false
141.69650481,44.3746534,"2","14","01484","01019",‰H–y,"2",‰H–y’¬,,"19530331",,"4706","2103",true
141.42433711,44.44735954,"0","14","01484","01020",ÄK,"2",‰H–y’¬,,"19530331",,"996","924",true
141.33446741,44.43996388,"2","14","01484","01021",“V”„,"2",‰H–y’¬,,"19530331",,"1290","1102",true
141.52701704,43.86133828,"2","14","01481","01022",‘–Ñ,"2",‘–Ñ’¬,,"19530331",,"5356","1960",false
141.72979352,44.88272706,"2","14","01487","01023",“V‰–,"2",“V‰–’¬,,"19530331",,"6837","1266",false
141.23504297,45.23881221,"2","14","01519","01024",‰•”‘,"2",—˜K•xm’¬,,"19530331",,"5269","1273",true
142.59305556,44.93611111,"2","14","01514","01026",}K,"2",}K’¬,,"19530331",,"6454","2265",false
141.04959259,45.30104561,"2","14","01517","01028",[,"2",—ç•¶’¬,,"19530331",,"7576","2845",true
141.13396723,45.19263147,"2","14","01518","01029",ŒBŒ`,"2",—˜K’¬,,"19530331",,"2157","1755",true
141.9457115,45.5231335,"2","14","01214","01034",@’J,"2",’t“às,,"19530331",,"3497","2058",false
143.33444444,42.29555556,"1","13","01642","01035",\Ÿ,"2",L”ö’¬,"19700501","19530331","1,2","7477","4800",false
142.2305689,45.27929758,"0","15","01511","01043",•l‰•¥,"5",,,"19570123",,"0","0",false
141.26972222,43.21111111,"1","13","01203","01046",Îë˜pV,"4",Îë˜pV`ŠÇ—‘g‡,"19730416","19780401",,"12675","4182",false
143.36854474,44.36057609,"1","13","01219","01048",–ä•Ê,"2",–ä•Ês,"19750422","19530331","1,2","11699","4630",false
141.32019743,42.51796738,"2","14","01578","01049",”’˜V,"2",”’˜V’¬,,"19820803",,"5709","1633",false
144.32335695,42.98454628,"1","13","01206","01006",‹ú˜H,"2",‹ú˜Hs,"19510922","19530415","1,2,7,8","16843","19028",false
145.57535033,43.34518677,"1","13","01223","01017",ªº,"2",ªºs,"19780415","19530331","1","13292","6336",false
144.28610498,44.02871738,"1","13","01211","01030",–Ô‘–,"2",–Ô‘–s,"19780415","19530331","1,2","10067","4854",false
145.12608879,43.0870489,"2","14","01663","01033",–¶‘½•z,"2",•l’†’¬,,"19530331",,"6970","3106",false
143.76527081,42.7627094,"0","15","01649","01037",©•zŠ Î,"5",,,"19570123",,"0","0",false
145.09584078,43.72536958,"0","15","01693","01044",’‰—Ş,"5",,,"19570123",,"0","0",false
145.08943519,43.82430605,"0","15","01693","01045",è–³ˆÙ,"5",,,"19570123",,"0","0",false
127.66172923,26.24925348,"1","13","47201","47001",“ß”e,"4",“ß”e`ŠÇ—‘g‡,"19720515","20020401","1,2,4,5,6,7","17140","9718",true
128.01018281,26.69072194,"1","13","47209","47002",‰^“V,"1",‰«“êŒ§,"19720515","19720515",,"13990","808",true
125.27556572,24.82247627,"1","13","47214","47003",•½—Ç,"2",‹{ŒÃ“‡s,"19720515","19720515","1,2,7,8","8370","3386",true
124.13415332,24.34076133,"1","13","47207","47004",ÎŠ_,"2",ÎŠ_s,"19720515","19720515","1,2,7,8","8167","3958",true
128.11534141,26.66630547,"2","14","47302","47006",‰–‰®,"1",‰«“êŒ§,,"19720515",,"5347","30",false
128.0167085,26.69361048,"2","14","47306","47007",ŒÃ‰F—˜,"1",‰«“êŒ§,,"19720515",,"556","133",false
127.80164756,26.70509272,"2","14","47315","47008",ˆÉ],"1",‰«“êŒ§,,"19720515",,"1166","861",true
127.88481108,26.62479761,"1","14","47308","47011",–{•”,"1",‰«“êŒ§,,"19720515",,"8438","3450",true
127.88408307,26.154085,"2","14","47215","47012",“¿m,"1",‰«“êŒ§,,"19720515",,"725","263",false
127.9679274,27.03350141,"2","14","47359","47013",‘O”‘,"1",‰«“êŒ§,,"19720515",,"4812","635",true
127.92775459,26.99255121,"0","14","47359","47014",–ì•á,"1",‰«“êŒ§,,"19720515",,"714","130",false
127.95302098,26.925624,"2","14","47360","47015",’‡“c,"1",‰«“êŒ§,,"19720515",,"3693","591",true
131.28248064,25.95338328,"2","14","47358","47017",–k‘å“Œ,"1",‰«“êŒ§,,"19720515",,"150","422",false
131.21554188,25.841313,"2","14","47357","47020",“ì‘å“Œ,"1",‰«“êŒ§,,"19720515",,"83","523",false
127.23386469,26.57674308,"2","14","47355","47022",ˆ¾‘,"1",‰«“êŒ§,,"19720515",,"1389","336",true
126.7560219,26.33262905,"2","14","47361","47023",Œ“é,"1",‰«“êŒ§,,"19720515",,"4069","918",true
127.3732256,26.19846668,"2","14","47353","47024",“n‰Ã•~,"1",‰«“êŒ§,,"19720515",,"1503","810",true
127.32108175,26.2177783,"0","14","47354","47025",ˆÀŒì‚Ì‰Y,"1",‰«“êŒ§,,"19720515",,"987","110",false
127.30052251,26.2241969,"2","14","47354","47026",ÀŠÔ–¡,"1",‰«“êŒ§,,"19720515",,"1672","868",false
125.20173266,24.79585782,"2","14","47214","47027",’·R,"1",‰«“êŒ§,,"19720515",,"2332","828",false
125.259954,24.729152,"0","14","47214","47028",—ˆŠÔE‘O•l,"1",‰«“êŒ§,,"19720515",,"1405","411",false
124.69565813,24.74557952,"0","14","47375","47029",…”[,"1",‰«“êŒ§,,"19720515",,"1841","99",false
124.72761313,24.64237174,"2","14","47375","47030",‘½—ÇŠÔ,"1",‰«“êŒ§,,"19720515",,"5565","914",true
124.09495204,24.33846688,"2","14","47381","47032",’|•x“Œ,"1",‰«“êŒ§,,"19720515",,"2714","619",true
123.99411404,24.34874993,"2","14","47381","47033",¬•l,"1",‰«“êŒ§,,"19720515",,"2221","642",false
123.99757237,24.25522716,"2","14","47381","47034",•“‡,"1",‰«“êŒ§,,"19720515",,"1834","285",false
123.93697229,24.23534286,"0","14","47381","47035",ã’n,"1",‰«“êŒ§,,"19720515",,"293","114",false
123.88961443,24.2685844,"2","14","47381","47036",’‡ŠÔ,"1",‰«“êŒ§,,"19720515",,"2194","624",false
123.73176474,24.34439534,"0","14","47381","47038",‘D•‚,"1",‰«“êŒ§,,"19720515",,"732","100",false
123.73993685,24.36313527,"2","14","47381","47039",”’•l,"1",‰«“êŒ§,,"19720515",,"1546","382",false
123.7492031,24.39422676,"0","14","47381","47040",‘d”[,"1",‰«“êŒ§,,"19720515",,"336","0",false
123.81851412,24.41237114,"2","14","47381","47041",‘D‰Y,"1",‰«“êŒ§,,"19720515",,"2814","607",false
123.82003955,24.46650366,"0","14","47381","47042",”µŠÔ,"1",‰«“êŒ§,,"19720515",,"1353","233",true
122.9982268,24.47432035,"2","14","47382","47043",‘c”[,"1",‰«“êŒ§,,"19720515",,"1787","390",false
127.81991789,26.65175031,"2","14","47308","47044",…”[,"1",‰«“êŒ§,,"19720515",,"447","85",false
127.29184263,26.17540504,"0","14","47354","47049",Œc—¯ŠÔ,"1",‰«“êŒ§,,"19720515",,"952","110",false
127.91787551,26.40487348,"1","13","47213","47050",‹à•˜p,"1",‰«“êŒ§,"19740423","19720515","2","34764","3128",false
127.86470698,26.237361,"1","13","47213","47051",’†é˜p,"1",‰«“êŒ§,"19740423","19720515","1","65937","4412",false
128.29168249,26.84746904,"0","14","47301","47052",‰œ,"1",‰«“êŒ§,,"19780901",,"1107","208",false
127.72633262,26.27906216,"0","14","47205","47053",‹X–ì˜p,"1",‰«“êŒ§,,"19840309",,"1836","3220",false
127.94394706,26.95487559,"0","14","47360","47054",“à‰Ô,"1",‰«“êŒ§,,"19890117",,"930","265",false
136.05849752,35.68990979,"1","13","18202","18001",“Ö‰ê,"1",•ŸˆäŒ§,"19510119","19530325","1,2,3,7","19215","4999",true
135.57930771,35.50093531,"2","14","18204","18003",˜a“c,"1",•ŸˆäŒ§,,"19530510",,"21227","2207",false
136.05390438,36.13056588,"2","14","18201","18004",‘é‘ƒ,"1",•ŸˆäŒ§,,"19571001",,"1322","664",false
136.10561286,36.19702322,"1","14","18210","18005",•Ÿˆä,"1",•ŸˆäŒ§,"19710701","19530510","1","16131","5322",false
135.49835194,35.53229295,"1","14","18481","18006",“à‰Y,"1",•ŸˆäŒ§,,"19690820",,"1255","982",false
135.24260535,34.67284011,"1","11","28110","28001",_ŒË,"2",_ŒËs,"19510119","19510401","1,2,3,4,5,6,7,8","76208","49503",true
134.65328539,34.75332431,"1","12","28201","28002",•P˜H,"1",•ºŒÉŒ§,"19510119","19530701","1,2,3,7,8","52761","9982",true
135.34658575,34.68339109,"1","13","28202","28003",“òè¼‹{ˆ°‰®,"1",•ºŒÉŒ§,"19510922","19690328","1","68407","8102",false
134.81643612,34.7049187,"1","13","28210","28004",“Œ”d–,"1",•ºŒÉŒ§,"19640201","19631126","1,2","32463","10811",false
134.99014767,34.63972153,"1","14","28203","28006",–¾Î,"1",•ºŒÉŒ§,,"19530701",,"3967","2121",false
135.02089678,34.59589125,"2","14","28226","28007",Šâ‰®,"1",•ºŒÉŒ§,,"19530701",,"2969","1798",false
134.92338369,34.43861284,"1","14","28226","28008",’Ã–¼,"1",•ºŒÉŒ§,,"19710906",,"16335","3119",false
134.90563604,34.34740362,"2","14","28205","28009",F–{,"1",•ºŒÉŒ§,,"19530701",,"3418","1125",false
134.9095934,34.67527494,"2","14","28203","28012",]ˆäƒ–“‡,"1",•ºŒÉŒ§,,"19551001",,"3893","612",false
134.46501742,34.77643446,"2","14","28208","28013",‘Š¶,"1",•ºŒÉŒ§,,"19551001","2","5929","2077",false
134.38691329,34.72578813,"1","14","28212","28014",Ô•ä,"1",•ºŒÉŒ§,,"19551001",,"14399","1517",false
134.95563721,34.28860321,"2","14","28205","28015",—R—Ç,"1",•ºŒÉŒ§,,"19551001",,"6644","2123",false
134.72541938,34.20750226,"2","14","28224","28016",ˆ¢–œ,"1",•ºŒÉŒ§,,"19551001",,"3961","371",false
134.71422089,34.2463478,"2","14","28224","28017",•Ÿ—Ç,"1",•ºŒÉŒ§,,"19551001",,"5117","2208",false
134.77990652,34.41722382,"2","14","28205","28018",“su,"1",•ºŒÉŒ§,,"19551001",,"2394","790",false
134.72489025,34.33468537,"2","14","28224","28019",–©,"1",•ºŒÉŒ§,,"19551001",,"4062","1352",false
134.84153215,34.47466383,"2","14","28226","28020",ŒS‰Æ,"1",•ºŒÉŒ§,,"19551001",,"3599","894",false
134.87670126,34.52117342,"2","14","28226","28021",º’Ã,"1",•ºŒÉŒ§,,"19551001",,"2038","1625",false
134.53719659,34.68219094,"2","14","28201","28023",‰Æ“‡,"1",•ºŒÉŒ§,,"19551001",,"2072","808",false
134.43697084,34.75858232,"2","14","28212","28024",â‰z,"1",•ºŒÉŒ§,,"19590725",,"4222","420",false
134.99759434,34.54096326,"2","14","28226","28025",‰Y,"1",•ºŒÉŒ§,,"19590725",,"2367","371",false
134.69448627,34.3276422,"0","14","28224","28026",’Ãˆä,"1",•ºŒÉŒ§,,"19590725",,"1499","211",false
134.82811372,34.46741001,"0","14","28226","28027",]ˆä,"1",•ºŒÉŒ§,,"19590725",,"3246","738",false
134.32716902,34.72476835,"2","14","28212","28028",ŒÃ’r,"1",•ºŒÉŒ§,,"19640731",,"999","141",false
134.91637808,34.33005922,"2","14","28205","28029",ŒÃ–Î],"2",F–{s,,"19740517",,"3541","255",false
134.80113452,34.44919924,"0","14","28226","28031",R“c,"1",•ºŒÉŒ§,,"19790201",,"836","90",false
135.01361464,34.55742025,"0","14","28226","28032",’W˜HŒğ—¬‚Ì—ƒ,"1",•ºŒÉŒ§,,"19950308",,"579","230",false
133.950314,34.48426522,"1","13","33204","33001",‰F–ì,"1",‰ªRŒ§,"19510119","19510801","1,2,3","11730","6268",true
133.69603222,34.47140325,"1","12","33202","33002",…“‡,"1",‰ªRŒ§,"19600609","19510801","1,2,3,7","23338","11846",false
133.99896626,34.60153138,"1","13","33104","33003",‰ªR,"1",‰ªRŒ§,"19640401","19510801",,"35809","7432",true
134.26996064,34.71580729,"1","14","33211","33004",“Œ”õ,"1",‰ªRŒ§,,"19710720",,"6086","4904",true
134.1605946,34.61078329,"2","14","33212","33007",‹‘‹,"1",‰ªRŒ§,,"19510801",,"11851","4393",true
134.00617525,34.5416806,"2","14","33204","33010",R“c,"1",‰ªRŒ§,,"19510801",,"13218","1271",false
133.55221473,34.38295362,"2","14","33205","33011",–k–Ø“‡,"1",‰ªRŒ§,,"19510801",,"4406","468",true
133.79197446,34.43742041,"2","14","33202","33012",‰º’Ãˆä,"1",‰ªRŒ§,,"19510801",,"1183","972",false
133.52765256,34.44778708,"2","14","33205","33013",Š}‰ª,"1",‰ªRŒ§,,"19510801",,"21236","3168",true
133.83298289,34.46601868,"2","14","33202","33015",™“‡,"1",‰ªRŒ§,,"19590114",,"16005","3387",false
134.29519194,34.73400291,"0","14","33211","33016",Š¦‰Í,"2",”õ‘Os,,"19560410",,"2606","66",false
134.26472818,34.70347173,"2","14","33211","33018",ƒ“‡,"2",”õ‘Os,,"19560410",,"318","136",false
134.19917315,34.7187922,"0","14","33211","33019",‹vXˆä,"2",”õ‘Os,,"19560425",,"1150","0",false
134.23663256,34.7114701,"2","14","33212","33020",•z•l,"2",£ŒË“às,,"19560406",,"365","267",false
134.20759583,34.67243023,"2","14","33212","33021",ŠÔŒû,"2",£ŒË“às,,"19560406",,"1166","211",false
134.19289896,34.66389332,"0","14","33212","33022",’m”ö,"2",£ŒË“às,,"19560406",,"933","47",false
134.1771123,34.65236216,"2","14","33212","33023",‹Ê’Ã,"2",£ŒË“às,,"19600617",,"1992","500",false
134.17506036,34.62245232,"0","14","33212","33024",”¦,"2",£ŒË“às,,"19560402",,"31","0",false
134.1966418,34.616668,"0","14","33212","33026",–Ô‘ã,"2",£ŒË“às,,"19560402",,"45","0",false
134.19678875,34.60088844,"2","14","33212","33027",‰©“‡,"2",£ŒË“às,,"19560402",,"218","80",false
134.17655974,34.63236377,"0","14","33212","33029",tŠy,"2",£ŒË“às,,"19610927",,"629","18",false
134.09884479,34.56704615,"2","14","33103","33030",Œ¢“‡,"2",‰ªRs,,"19560406",,"1483","109",false
133.889148,34.627048,"0","14","33104","33031",•Ä‘q,"2",‰ªRs,,"19560511",,"608","135",false
133.94750578,34.57595099,"0","14","33104","33032",¼”ö,"2",‰ªRs,,"19560511",,"313","56",false
134.02044118,34.544363,"0","14","33204","33033",]‚Ì•l,"2",‹Ê–ìs,,"19560425",,"368","10",false
134.01312093,34.50407675,"2","14","33204","33034",Î“‡,"2",‹Ê–ìs,,"19560425",,"419","287",false
133.978643,34.53240681,"0","14","33204","33035",ŒãŠÕ,"2",‹Ê–ìs,,"19560607",,"232","63",false
133.96926878,34.52941527,"0","14","33204","33036",‘ååM,"2",‹Ê–ìs,,"19560607",,"141","83",false
133.96178024,34.52242405,"0","14","33204","33037",–ìX•l,"2",‹Ê–ìs,,"19560607",,"905","473",false
133.89940869,34.45615135,"0","14","33204","33040",aì,"2",‹Ê–ìs,,"19560607",,"672","50",false
133.81712003,34.43139293,"0","14","33202","33041",‘å•l,"2",‘q•~s,,"19560402",,"104","25",false
133.81637022,34.42399431,"0","14","33202","33042",¼“‡,"2",‘q•~s,,"19560402",,"341","47",false
133.53580021,34.39634469,"2","14","33205","33044",–L‰Y,"2",Š}‰ªs,,"19560425",,"1897","190",true
133.5499458,34.36777161,"2","14","33205","33045",ŠÛŠâ,"2",Š}‰ªs,,"19560425",,"812","0",false
133.51802362,34.34683937,"2","14","33205","33046",¬”ò“‡,"2",Š}‰ªs,,"19560425",,"599","104",false
133.50758439,34.34602212,"2","14","33205","33047",‘å‰Y,"2",Š}‰ªs,,"19560425",,"568","128",false
133.49644456,34.34032958,"2","14","33205","33048",‘å”ò“‡,"2",Š}‰ªs,,"19560425",,"666","51",false
133.537856,34.304577,"2","14","33205","33049",‘O‰Y,"2",Š}‰ªs,,"19560425",,"1074","105",false
134.83664472,35.64860825,"2","14","28209","28010",’Ã‹R,"1",•ºŒÉŒ§,,"19530701",,"4339","2296",false
134.66607698,35.65775507,"2","14","28585","28011",ÄR,"1",•ºŒÉŒ§,,"19530701",,"1512","1665",false
134.75751659,35.66440914,"2","14","28209","28022",’|–ì,"1",•ºŒÉŒ§,,"19551001",,"4168","794",false
133.31609975,35.42904366,"2","14","31202","31001",•Äq,"1",’¹æŒ§,,"19521201",,"5372","1322",false
133.65926625,35.51295608,"2","14","31371","31002",Ôê,"1",’¹æŒ§,,"19521201",,"8098","1202",false
134.31900532,35.59547171,"2","14","31302","31004",“cŒã,"1",’¹æŒ§,,"19521201",,"2635","1480",false
133.95848847,35.52276009,"0","15","31370","31005",¬•l,"5",,,"19560511",,"0","0",false
133.94758158,35.52010341,"0","15","31370","31006",Î˜e,"5",,,"19560511",,"0","0",false
133.56489931,35.529771,"0","14","31386","31007",ˆ§â,"1",’¹æŒ§,,"19800107",,"1271","250",false
133.53421208,35.52440535,"0","15","31386","31008",–L¬,"5",,,"19560511",,"0","0",false
133.22742989,35.49551768,"0","15","31204","31009",’†•l,"5",,,"19560511",,"0","0",false
134.18465815,35.54003437,"1","13","31201","31010",’¹æ,"1",’¹æŒ§,"19750422","19530310","1","7761","4067",false
133.26715366,35.53636026,"1","13","31204","31999",‹«,"4",‹«`ŠÇ—‘g‡,"19510119","19580401","1,2,3,7","33441","11157",true
140.88845541,40.43045488,"2","14","02206","02202",‹x‰®,"1",ÂXŒ§,,"19550601",,"72","416",false
140.9374675,40.46511408,"2","14","02206","02201",qƒmŒû,"1",ÂXŒ§,,"19550601",,"108","830",false
140.11818872,37.41457368,"2","14","07203","07010",ŒÎ“ì,"1",•Ÿ“‡Œ§,,"19631025",,"1161","362",false
140.04778841,37.52142382,"2","14","07408","07009",‰¥“‡,"1",•Ÿ“‡Œ§,,"19631025",,"690","471",false
136.14352497,35.41947635,"2","14","25203","25004",’|¶“‡,"1", ‰êŒ§,,"19670317",,"60","185",false
136.26446145,35.37246811,"2","14","25203","25003",’·•l,"1", ‰êŒ§,,"19520701",,"588","633",false
136.24522117,35.28448184,"2","14","25202","25002",•Fª,"1", ‰êŒ§,,"19520701",,"3653","769",false
135.86754577,35.01330279,"2","14","25201","25001",‘å’Ã,"1", ‰êŒ§,,"19520701",,"1559","1444",false
140.67057711,35.86168879,"0","14","08232","08011",Œy–ì,"1",ˆïéŒ§,,"19581224",,"29","280",false
140.54599609,35.93552008,"0","14","08223","08010",’ª—ˆ,"1",ˆïéŒ§,,"19540301",,"274","155",false
133.16582001,35.48998538,"0","14","32201","32083",“ü],"2",¼]s,,"19820331",,"930","80",false
133.193025,35.50712092,"2","14","32201","32082",]“‡,"2",¼]s,,"19781115",,"1062","182",false
133.18700497,35.49284416,"0","14","32201","32081",’x],"2",¼]s,,"19660117",,"909","275",false
133.17842115,35.48613,"2","14","32201","32080",”g“ü,"2",¼]s,,"19660117",,"562","379",false
133.13600733,35.45308547,"2","14","32201","32079",¼],"1",“‡ªŒ§,,"19530831",,"18306","954",false
133.25653497,35.44110628,"2","14","32206","32078",ˆÀ—ˆ,"1",“‡ªŒ§,,"19530710",,"4027","820",false
135.75602782,34.92508391,"0","14","26109","26004",•šŒ©,"1",‹“s•{,,"19530201",,"2954","0",false
133.00366767,35.47498175,"0","15","32201","32107",›’Ã,"5",,,"19660325",,"0","0",false
133.00820178,35.43765553,"0","15","32201","32106",“’’¬,"5",,,"19660325",,"0","0",false
132.95216702,35.47342951,"0","15","32201","32105",‰ª–{,"5",,,"19660325",,"0","0",false
132.95843513,35.47725577,"0","15","32201","32104",H­,"5",,,"19660325",,"0","0",false
132.97548884,35.47838097,"0","15","32201","32103",’·],"5",,,"19660325",,"0","0",false
133.16019461,35.53728195,"0","15","32201","32102",èŠp,"5",,,"19620126",,"0","0",false
133.171833,35.53448302,"0","15","32201","32101",“ñq,"5",,,"19620126",,"0","0",false
133.1766581,35.50453651,"0","15","32201","32100",›’Ã,"5",,,"19620126",,"0","0",false
133.21633411,35.44611501,"0","15","32206","32099",˜_“c,"5",,,"19620126",,"0","0",false
133.15048789,35.43315497,"0","14","32201","32091",—K‰®,"2",¼]s,,"19820331",,"0","90",false
133.17227306,35.44076565,"0","14","32201","32090",ˆÓ“Œ,"2",¼]s,,"19820331",,"1082","189",false
132.90197725,35.45928898,"0","14","32203","32089",ˆÉ–ì“å,"2",o‰_s,,"19680802",,"849","46",false
133.06689054,35.57897041,"0","14","32201","32088",²”g,"2",¼]s,,"19620305",,"183","180",false
133.30428629,35.57280717,"0","14","32201","32087",Ë,"2",¼]s,,"19620130",,"130","95",false
133.29917278,35.57281533,"2","14","32201","32086",Œy”ö,"2",¼]s,,"19620130",,"170","134",false
133.26474801,35.57449675,"0","14","32201","32085",”‹ò,"2",¼]s,,"19620130",,"184","199",false
133.25501204,35.57302067,"2","14","32201","32084",–@“c,"2",¼]s,,"19620130",,"912","165",false
